"","p_val","avg_log2FC","pct.1","pct.2","p_val_adj"
"LRRC8E",2.8013081164598e-80,0.755629446912987,0.479,0.169,5.24544944807098e-76
"TMEM74",1.06555442230293e-74,-0.344408732540392,0.399,0.732,1.99525065576224e-70
"LRRC10",3.31603460486447e-71,-0.3246723702804,0.855,0.9,6.20927479760872e-67
"TTLL10",3.36425205331473e-67,0.36961983681786,0.986,0.956,6.29956196983183e-63
"FOXB1",2.27474774186514e-61,1.35546769470513,0.524,0.25,4.25946514664248e-57
"AADACL2-AS1",8.69485043086691e-59,-0.394742149060953,0.096,0.339,1.62811074317983e-54
"ROPN1L",2.02225652344393e-55,6.1928840515607,0.544,0.261,3.78667534014876e-51
"PGM5P3-AS1",3.5452109420956e-54,-0.532079210722481,0.248,0.553,6.63840748907402e-50
"TRGV10",1.00576757837334e-53,0.698380834527799,0.932,0.803,1.88329979050408e-49
"NUCB2",5.83050402587914e-53,0.354658064338808,0.978,0.976,1.09176187884587e-48
"DHRS2",3.88902264360619e-52,-0.604693077273389,0.114,0.313,7.28219490015259e-48
"OPA1-AS1",1.25627783685074e-51,-0.411178864958355,0.818,0.861,2.35238024950301e-47
"MUSTN1",6.32005846720854e-51,1.80362007459849,0.441,0.23,1.1834309479848e-46
"GPRIN1",1.39459120915138e-49,-0.389984211695905,0.824,0.855,2.61137203913596e-45
"IGLV2-23",1.58119816372759e-49,0.915102715370738,0.305,0.139,2.96079356157991e-45
"FMO2",4.2386908428471e-49,0.326749500256867,0.621,0.327,7.9369486032312e-45
"SCNN1B",3.08660725328358e-48,0.481245214659179,0.415,0.223,5.77967208177351e-44
"FBXO43",3.37779471248753e-47,0.779960786562885,0.877,0.644,6.3249205991329e-43
"RPUSD2",4.67147842511857e-47,0.52656341146864,0.952,0.857,8.74734335103453e-43
"CLNK",1.2192705083859e-46,0.872998816436453,0.895,0.686,2.2830840269526e-42
"PDXP",2.99294033162067e-46,1.83391932999528,0.702,0.404,5.6042807709597e-42
"NTNG2",7.24693859470061e-46,0.353892681124827,0.991,0.945,1.35698925185769e-41
"FAM171A2",2.24097337410331e-45,0.562448685943377,0.907,0.807,4.19622264300846e-41
"WNT10A",2.30626671636935e-45,0.380284841838252,0.893,0.572,4.3184844264016e-41
"AC084149.1",3.82147635087564e-45,-0.32094183330118,0.795,0.839,7.15571446701464e-41
"BEST2",1.21653497050136e-43,-1.8507556331931,0.138,0.339,2.2779617322638e-39
"CCDC61",3.02451618317118e-43,1.32475676205311,0.891,0.69,5.66340655298804e-39
"TRGV9",8.20567419210707e-43,2.16302851024999,0.586,0.336,1.53651249247205e-38
"LIF",1.06489796349319e-42,0.305300862653866,0.877,0.61,1.99402143664101e-38
"LINC01570",1.1382290364741e-42,-0.38525038042985,0.395,0.634,2.13133387079776e-38
"AL450992.2",1.14731406503913e-42,0.700368809167564,0.714,0.427,2.14834558678577e-38
"TSHR",1.26589307124897e-42,0.564260347547499,0.847,0.536,2.37038477591369e-38
"GJB2",1.90511915877111e-42,-1.50149266953692,0.238,0.512,3.56733562479891e-38
"CDC42BPG",3.34224807436223e-42,0.325141352443703,0.988,0.948,6.25835951924327e-38
"MRLN",1.43029766044509e-41,0.381031018605817,0.871,0.636,2.67823236918343e-37
"TRGC1",2.33146331081017e-41,0.948523770039517,0.863,0.604,4.36566504949204e-37
"AC093159.1",2.54590305976997e-41,-0.646147239254555,0.445,0.692,4.76720347941927e-37
"LTA",5.59335413144137e-41,0.387169050273733,0.881,0.733,1.0473555611124e-36
"TRAV12-3",6.92796857871817e-41,1.28464726714022,0.661,0.383,1.29726211636498e-36
"OPRK1",2.57886072147797e-40,0.644287393583829,0.613,0.374,4.8289167009675e-36
"OR2A25",4.04883899557595e-40,1.02963438792036,0.807,0.533,7.58145101921597e-36
"RGPD3",5.81252857659827e-40,0.589892950890006,0.53,0.308,1.08839597596803e-35
"LRRC43",1.94769381646412e-39,0.95262619562347,0.359,0.164,3.64705667132906e-35
"LINC00092",6.20245608763792e-39,0.612029509333677,0.792,0.569,1.1614099024102e-34
"HIST2H4B",2.08765139574996e-38,0.329331497767917,0.452,0.229,3.90912723854181e-34
"ALOX12",4.64177315749987e-38,-0.348550210108447,0.505,0.688,8.6917202374185e-34
"OR2A12",5.66613976195272e-38,-0.313001508514409,0.358,0.637,1.06098467042565e-33
"IGHV3-7",2.14615841968908e-37,0.398861037473011,0.89,0.747,4.01868164086781e-33
"AL365273.1",8.26869420921021e-37,-0.303314009271297,0.76,0.831,1.54831299067461e-32
"AC005224.2",1.06294762300235e-36,0.536352106941473,0.898,0.702,1.9903694240719e-32
"FBXO17",1.20998956187811e-36,0.921808364811257,0.524,0.334,2.26570545461677e-32
"PCBP4",1.28796129075516e-36,0.369915350966552,0.976,0.878,2.41170751693903e-32
"SOWAHA",2.00009453545175e-36,-0.334221518226803,0.699,0.859,3.7451770176334e-32
"BLK",8.42936498030516e-36,-4.17751107126061,0.572,0.29,1.57839859256214e-31
"AC087392.1",1.45562126094242e-35,-0.381909256669465,0.555,0.751,2.72565081111469e-31
"AC090617.1",2.84360662111377e-35,-0.447378997834706,0.308,0.559,5.32465339803554e-31
"MALAT1",3.56423752609631e-35,-0.333108115179641,1,1,6.67403476761535e-31
"NDP",3.84383113157091e-35,-0.335744678364746,0.434,0.636,7.19757379386653e-31
"MME",4.41420090674654e-35,0.71205761865933,0.544,0.314,8.2655911978829e-31
"MYB",1.0062522689069e-34,1.61696918356601,0.557,0.328,1.88420737352817e-30
"SAMD12",1.43781167183454e-34,0.36156749901659,0.954,0.913,2.69230235551017e-30
"NMUR1",1.45456558434336e-34,0.871824626863674,0.768,0.53,2.72367405668294e-30
"SAPCD1",1.71510770725909e-34,1.27053613884982,0.533,0.3,3.21153918184264e-30
"DIXDC1",1.92030640450563e-34,1.65910706560147,0.603,0.371,3.59577374243679e-30
"TRIM73",2.2686291206125e-34,0.500720471923428,0.923,0.805,4.2480080283469e-30
"MPP6",2.66541363940266e-34,0.397606414484678,0.893,0.681,4.99098703978148e-30
"PROK2",5.81429105191884e-34,0.477709472143912,0.822,0.632,1.0887259994718e-29
"OR2AE1",6.03661196981236e-34,-0.331753601208362,0.685,0.753,1.13035559134736e-29
"KCNH1",8.41363774433715e-34,-0.341581129501202,0.324,0.562,1.57545366762713e-29
"ARMC12",8.63891855993195e-34,0.370336940678397,0.82,0.499,1.61763750034726e-29
"ATXN7L2",9.91931883691252e-34,0.327044241875694,0.947,0.826,1.85739245221187e-29
"PSAT1",1.25880100004875e-33,1.85250185911021,0.688,0.451,2.35710487259128e-29
"LINC01203",1.80381642256378e-33,-0.305700500722294,0.266,0.547,3.37764625125068e-29
"ST7-AS2",1.88295119540659e-33,-0.335171084844434,0.48,0.696,3.52582611339884e-29
"IGLC5",2.41439112118768e-33,0.317910261397484,0.64,0.406,4.52094737442394e-29
"CCHCR1",3.07030689284242e-33,-0.378040853584944,0.983,0.984,5.74914965684743e-29
"CYP26A1",4.29930501988329e-33,-0.46701999725485,0.573,0.732,8.05044864973147e-29
"AC055764.1",1.00284859148712e-32,-0.354187669566866,0.621,0.799,1.87783398755964e-28
"ISL2",1.43847999381588e-32,0.423995030940313,0.414,0.22,2.69355378842024e-28
"IGHG2",1.75145473408386e-32,0.663253586155289,0.671,0.455,3.27959898957203e-28
"RAPGEF5",1.8961114733507e-32,0.338798759238186,0.783,0.53,3.55046873384918e-28
"TEX43",2.6852490598702e-32,-0.420305148479503,0.273,0.544,5.02812886460695e-28
"PPL",2.71544664385629e-32,0.38887865443629,0.981,0.845,5.0846738406209e-28
"KLRD1",2.77446987952379e-32,0.989702975504754,0.764,0.509,5.1951948494083e-28
"KRTAP5-8",3.41884458936964e-32,-0.466371170451909,0.35,0.57,6.40178649359464e-28
"PNOC",4.03479698910802e-32,-1.83126269872399,0.552,0.309,7.55515736210476e-28
"GOLGA6L10",7.9940055735839e-32,0.316700261796262,0.968,0.898,1.49687754365359e-27
"FHL2",1.17220143407155e-31,0.400962034533986,0.93,0.821,2.19494718529897e-27
"JAKMIP2",1.33633338600366e-31,0.833030855613504,0.781,0.549,2.50228426529185e-27
"C17orf98",1.99787620883496e-31,-0.356071202044153,0.996,0.994,3.74102320104346e-27
"VN1R2",2.38708120909916e-31,-0.335253084958707,0.443,0.679,4.46980956403818e-27
"ZAP70",2.43094719450694e-31,0.3612475786504,0.984,0.969,4.55194862171424e-27
"ZNF860",3.04718725064463e-31,-1.31867125147498,0.57,0.331,5.70585812683207e-27
"C1orf21",3.36677097462227e-31,1.6649518659123,0.666,0.408,6.30427864998019e-27
"MCTP2",3.45611032923007e-31,0.550869035132974,0.884,0.748,6.47156659148332e-27
"IGLC2",3.72589017136767e-31,-2.1801724109308,0.716,0.466,6.97672934588597e-27
"TRBV14",4.17199255147809e-31,0.349580190858662,0.981,0.866,7.81205605264272e-27
"DIO3OS",8.48706260574488e-31,0.909419351667491,0.374,0.207,1.58920247292573e-26
"RTN4R",9.7550289127174e-31,0.867926820207146,0.775,0.559,1.82662916390633e-26
"BTLA",1.09326405735238e-30,0.304548443417705,0.646,0.381,2.04713694739233e-26
"MMP25-AS1",1.63065034860444e-30,0.34919529804179,0.978,0.937,3.05339277776182e-26
"IGLC3",1.96095004994358e-30,-2.36420234603404,0.592,0.386,3.67187896851936e-26
"IGLV6-57",2.1279107315075e-30,0.4022346374663,0.405,0.237,3.98451284474779e-26
"IGLV1-51",2.19272400634557e-30,-0.765305449708606,0.364,0.15,4.10587570188209e-26
"LINC00621",2.33800334272571e-30,0.654536173666502,0.332,0.193,4.3779112592539e-26
"IGHM",3.24218664929379e-30,-4.28013342168609,0.641,0.366,6.07099450080262e-26
"MAP2K6",3.69987363602791e-30,0.877519565959525,0.831,0.692,6.92801338346225e-26
"LINC01448",4.91709147687354e-30,-0.36976827761576,0.314,0.547,9.2072537904457e-26
"HLA-DOB",5.36596499037413e-30,-1.3878362737651,0.577,0.338,1.00477694444756e-25
"GJD4",5.95808087071948e-30,0.323467239821303,0.627,0.421,1.11565064304222e-25
"SDC1",9.35966303772725e-30,1.91367901810451,0.486,0.314,1.75259690381443e-25
"LINC01535",1.86866176979194e-29,0.338385669821623,0.725,0.477,3.49906916393541e-25
"FOXD1",2.20865212160536e-29,0.684549788740641,0.373,0.277,4.13570109770605e-25
"ADGRG3",2.56339752896636e-29,0.604868742889154,0.76,0.607,4.79996187298951e-25
"COL6A2",2.62277753229071e-29,0.378900950566519,0.952,0.879,4.91115092921435e-25
"PRH1",3.19628523397594e-29,0.544381567754825,0.914,0.832,5.98504410061995e-25
"AP001626.1",6.03346012665149e-29,-0.432655415725737,0.819,0.939,1.12976540871549e-24
"SPX",7.40317453044695e-29,-0.964364930033206,0.186,0.397,1.38624443082619e-24
"DNER",7.40918244941181e-29,-0.371416656821692,0.301,0.468,1.38736941365236e-24
"LINC00629",8.2128575902268e-29,0.4071848420593,0.468,0.29,1.53785758376997e-24
"ZIC3",8.29985099090425e-29,0.385237844052105,0.364,0.2,1.55414709804682e-24
"TSPAN7",1.57702565053843e-28,-0.482150511792758,0.479,0.675,2.95298053063321e-24
"CSNK2A3",1.76256537929918e-28,0.404071841102029,0.969,0.856,3.30040367273771e-24
"WASF3-AS1",1.94766637462686e-28,0.396333464090741,0.889,0.704,3.6470052864888e-24
"A4GALT",2.11258436960855e-28,-1.42221836295279,0.198,0.421,3.95581423209202e-24
"MIXL1",2.2367365953895e-28,1.0385094812546,0.511,0.263,4.18828927486685e-24
"OLIG2",2.56625509221274e-28,-0.389484474475648,0.151,0.374,4.80531266016836e-24
"PDE6C",3.30160996319979e-28,1.57171799494958,0.483,0.28,6.18226465609161e-24
"GPR37",3.48374168068854e-28,-0.887988001876213,0.545,0.735,6.52330629708929e-24
"MYLK-AS1",4.60266590693249e-28,0.569967135269019,0.889,0.73,8.61849191073109e-24
"COL4A1",4.75601250727885e-28,-1.56263654302712,0.139,0.268,8.90563341987965e-24
"LINC00158",8.06380255914827e-28,1.07432942135386,0.297,0.162,1.50994702920051e-23
"GLYATL1",1.41251312907123e-27,-0.337905417026294,0.541,0.716,2.64493083418588e-23
"RTKN2",1.44762702939473e-27,1.3502418694142,0.686,0.471,2.71068161254164e-23
"PALMD",1.89892033194642e-27,-0.325834273776168,0.405,0.608,3.55572832156967e-23
"ABHD15-AS1",2.04368863732431e-27,0.422172906187011,0.744,0.49,3.82680697338977e-23
"LINC01139",2.69354635723187e-27,0.724821216118357,0.46,0.31,5.04366555391667e-23
"TLR10",3.66399978587557e-27,-2.97599780172346,0.491,0.252,6.86083959905201e-23
"ZIC1",6.0906647734035e-27,0.489981402478188,0.466,0.272,1.1404769788198e-22
"FAM169A",7.17494939408611e-27,1.25955622566826,0.612,0.444,1.34350927404262e-22
"RASA4B",8.05112090580842e-27,0.568217434941943,0.886,0.653,1.50757238961263e-22
"CCR10",8.39119843986916e-27,1.13566695858623,0.765,0.548,1.5712519078655e-22
"IGLV3-19",9.37416577379332e-27,1.78050504058578,0.616,0.443,1.7553125411428e-22
"ANKS1B",1.89002256838654e-26,0.357018300567145,0.974,0.899,3.5390672593038e-22
"SLC22A2",1.94650938189757e-26,-0.971761335036192,0.355,0.539,3.64483881760319e-22
"GZMB",2.93971092563205e-26,8.94231649018306,0.653,0.415,5.50460870824601e-22
"GPR68",5.91138742384534e-26,0.548867658936302,0.937,0.902,1.10690729511504e-21
"EEF1A2",7.01117585200523e-26,1.61284632840251,0.314,0.204,1.31284267828798e-21
"PPM1J",1.68533190824436e-25,1.43253049141966,0.712,0.502,3.15578399818757e-21
"PI3",1.75929552767982e-25,0.381402243632618,0.304,0.21,3.29428087558047e-21
"FOXN1",1.94118073207071e-25,-0.377117148848143,0.276,0.501,3.6348609208024e-21
"DPF3",2.33243976249369e-25,-2.80709875791126,0.349,0.182,4.36749345526943e-21
"KCNK12",2.62609668132417e-25,0.375288012991211,0.786,0.544,4.9173660357795e-21
"CDCA5",3.57127352530566e-25,0.33193340656184,0.952,0.852,6.68720967613485e-21
"OSBPL10-AS1",6.18950872166329e-25,-1.03235719846045,0.835,0.562,1.15898550813145e-20
"KLRF1",1.12892981303246e-24,0.720415128482029,0.804,0.669,2.11392107490329e-20
"FCRL5",1.26088589965645e-24,-0.787909416323341,0.742,0.549,2.36100884710671e-20
"IGLJ2",1.61507443383538e-24,0.450290023531469,0.738,0.557,3.02422687735675e-20
"IGLC6",1.64787969252176e-24,0.327585987472697,0.586,0.405,3.085654724247e-20
"PCP4",1.66267088562292e-24,0.667713593454948,0.514,0.35,3.11335123332892e-20
"LINC01534",4.40675511781374e-24,0.578219771156934,0.807,0.592,8.25164895810623e-20
"IGLC4",4.85374286303388e-24,0.360487446380485,0.782,0.598,9.08863351103093e-20
"EBF1",5.69501360719548e-24,-1.29965799437117,0.687,0.471,1.06639129794735e-19
"SLC39A2",6.07597172035183e-24,-0.704459983934788,0.177,0.334,1.13772570463588e-19
"SPDYE6",6.80433456865856e-24,0.639870785277498,0.309,0.2,1.27411164798132e-19
"CCSER1",8.24133595359416e-24,0.789638335392439,0.715,0.462,1.54319015731051e-19
"ATP8B2",1.20242779886439e-23,0.630039947612941,0.862,0.653,2.25154605337357e-19
"ZDHHC23",1.23808940198009e-23,0.390839102749766,0.674,0.489,2.31832240520772e-19
"OR7D2",1.3874598103804e-23,0.462017069630395,0.396,0.242,2.5980184949373e-19
"ARHGDIG",1.62769997025588e-23,-0.333493771521939,0.595,0.769,3.04786819430414e-19
"FA2H",1.6868527741504e-23,-1.03705234403724,0.259,0.408,3.15863181959662e-19
"PRF1",1.76347411819601e-23,0.680743283842383,0.89,0.742,3.30210528632202e-19
"NOVA2",1.86241823454043e-23,-0.676912115328459,0.162,0.316,3.48737814417696e-19
"TP63",2.31960626538469e-23,-0.701900522890377,0.17,0.359,4.34346273193283e-19
"AC009120.4",2.99851766145475e-23,0.348666103792953,0.627,0.432,5.61472432107402e-19
"MREG",4.13079517004019e-23,1.00050669171823,0.652,0.455,7.73491395590025e-19
"SALL4",4.51749675179077e-23,0.3235888257837,0.892,0.704,8.45901266772822e-19
"KIF18B",4.78233636918911e-23,0.372017922960293,0.649,0.431,8.9549248513066e-19
"IL2RB",5.14712984727268e-23,0.424761580466679,0.924,0.852,9.6380006390181e-19
"FGF11",5.43672344362919e-23,-0.348551517705863,0.922,0.866,1.01802646481957e-18
"SOX12",5.82149005505525e-23,0.771005195412625,0.737,0.564,1.0900740128091e-18
"CPNE9",7.35319124584228e-23,-0.398922413300895,0.896,0.878,1.37688506078397e-18
"ULBP2",1.08268357451832e-22,-1.16568355195787,0.347,0.581,2.02732499328555e-18
"TRGV4",1.10932568175574e-22,0.917578575933124,0.419,0.265,2.07721233908762e-18
"DPYSL3",1.21037682007894e-22,-0.71417534571431,0.694,0.809,2.26643059559782e-18
"NNAT",1.21731270721675e-22,5.45056210089861,0.359,0.251,2.27941804426336e-18
"BDKRB1",1.22954530589587e-22,-0.483998923660518,0.333,0.55,2.30232358529002e-18
"ZNF462",2.1680605055395e-22,0.671054241555462,0.736,0.536,4.05969329662272e-18
"LHX2",2.33664027361698e-22,-0.309816109036694,0.303,0.452,4.3753589123478e-18
"GLI4",2.34494408768648e-22,0.705661449978374,0.887,0.775,4.39090780419294e-18
"SMIM5",2.53340364322349e-22,0.460844887837384,0.817,0.624,4.74379832193599e-18
"LINC00299",2.58785351513053e-22,0.315753590267779,0.955,0.808,4.84575570708191e-18
"CYB5RL",2.65284365233553e-22,0.400191823641763,0.898,0.748,4.96744973899827e-18
"LINC01612",2.67549576890832e-22,-0.305044110702777,0.351,0.534,5.00986582728082e-18
"PCDHGB2",3.09121571625419e-22,-0.651638289324515,0.13,0.285,5.78830142868597e-18
"LINC00862",3.27347459250168e-22,-0.499117747377385,0.502,0.663,6.1295811744594e-18
"PRSS23",3.28042536260523e-22,0.49488186184053,0.847,0.672,6.14259649147829e-18
"LINC01231",4.33860109599502e-22,0.531933215409314,0.536,0.399,8.12403055225067e-18
"WWC3-AS1",4.94953691796828e-22,0.331003936173433,0.614,0.428,9.2680078788956e-18
"NOS1AP",5.59018475723073e-22,-0.698386397998094,0.979,0.96,1.04676209579146e-17
"PDSS2",5.84742822284148e-22,0.351179908297105,0.977,0.931,1.09493093472707e-17
"CTSW",6.1594952197142e-22,0.32012673126832,0.877,0.881,1.15336547989148e-17
"RGSL1",6.46983936766024e-22,-0.674551549420004,0.577,0.694,1.21147742159438e-17
"FAM111B",9.40895851012043e-22,1.46830253213499,0.53,0.356,1.76182748102005e-17
"RRM2",1.00726031688836e-21,1.13155952491339,0.659,0.446,1.88609494337346e-17
"NEMP2",1.2410312482827e-21,0.330711874047176,0.932,0.754,2.32383101240935e-17
"IGKV3-15",1.40002466741954e-21,0.57676768129801,0.564,0.398,2.62154618974309e-17
"ALLC",1.68696080808966e-21,-0.343171797371808,0.959,0.97,3.15883411314789e-17
"TXK",1.95046105547584e-21,0.655034560631719,0.82,0.642,3.65223832637852e-17
"EQTN",2.66575901470606e-21,-0.539851063151019,0.42,0.569,4.9916337550371e-17
"ERMP1",2.97541453602724e-21,0.67055195392055,0.798,0.687,5.571463718711e-17
"PKN3",3.1206236761946e-21,0.404830876636893,0.898,0.723,5.84336783367439e-17
"TRAJ57",3.26607085440233e-21,-0.343325331839402,0.388,0.548,6.11571767486837e-17
"CD96",3.6195456360603e-21,0.348557340430801,0.955,0.919,6.77759920352291e-17
"KIF5A",4.04130708894933e-21,0.777748807717771,0.329,0.148,7.56734752405762e-17
"TRG-AS1",4.12563383438094e-21,0.371574960516138,0.973,0.932,7.72524935487831e-17
"SAMD3",4.37864261458117e-21,0.443623635912542,0.968,0.885,8.19900829580324e-17
"KANK3",4.40431798007156e-21,0.446625686385734,0.937,0.784,8.24708541768399e-17
"NFXL1",4.58038257829232e-21,0.30002779790118,0.937,0.846,8.57676637785237e-17
"OR1N2",6.04018646214893e-21,-0.989938908141767,0.195,0.347,1.13102491503739e-16
"MS4A1",6.35872955677181e-21,-4.42166198033715,0.678,0.476,1.19067210950552e-16
"NR2F2",6.57576001959036e-21,-0.370578285705355,0.995,0.964,1.2313110636683e-16
"DEFA3",9.07971600225545e-21,-0.322217905389513,0.444,0.609,1.70017682142233e-16
"ABCC6",1.37820407658208e-20,-0.419092900547023,0.979,0.941,2.58068713339995e-16
"KIR2DL1",1.69502905974661e-20,0.750398713040008,0.543,0.371,3.17394191437552e-16
"FAM110C",1.9044188526532e-20,0.803253057953267,0.592,0.405,3.56602430159312e-16
"ZNF521",2.0921560310065e-20,0.955194930709451,0.315,0.187,3.91756216805967e-16
"LINC01431",2.3200010632465e-20,0.354723300288843,0.96,0.887,4.34420199092907e-16
"TOX",3.38800051141176e-20,0.608897442203493,0.826,0.767,6.34403095761852e-16
"MFAP3",3.75737290053816e-20,0.345287489915325,0.963,0.829,7.03568075625771e-16
"CTPS1",4.19173371440214e-20,0.306744695701752,0.986,0.979,7.849021380218e-16
"TEKT3",4.21711234102606e-20,0.469167986915787,0.412,0.274,7.89654285857131e-16
"KRT73-AS1",4.31147358630548e-20,0.486731619236933,0.729,0.556,8.07323429035701e-16
"BCL2L10",4.57956211590821e-20,-0.352653924720199,0.614,0.714,8.57523006203812e-16
"PRCD",5.04992263989615e-20,-1.68898006270541,0.393,0.263,9.45598014320554e-16
"ADORA2A",5.3169086467087e-20,0.311986354032911,0.997,0.946,9.95591144096204e-16
"OTUD7B",6.04494397211843e-20,0.328169696777413,0.949,0.782,1.13191575877918e-15
"SOX9",8.29144021361712e-20,-0.623036365878773,0.609,0.666,1.55257217999981e-15
"CNNM4",8.66361468160575e-20,-0.303779194799778,0.956,0.943,1.62226184913068e-15
"IL2",1.08515451084143e-19,0.311236115019756,0.825,0.642,2.03195182155058e-15
"SMPD3",1.10110593680247e-19,0.952768402397833,0.733,0.487,2.06182086666262e-15
"SLC6A9",1.11432928850572e-19,0.543317772702363,0.722,0.573,2.08658159272697e-15
"WNT9B",1.26971711290579e-19,0.416971970485243,0.484,0.295,2.37754529391608e-15
"AC113167.1",1.27561571841454e-19,-0.322399822571654,0.249,0.367,2.38859043273122e-15
"FAM167A",1.35301542561909e-19,-0.442326101067174,0.364,0.205,2.53352138447174e-15
"TRAV23DV6",1.45223276435499e-19,-0.380969975504248,0.898,0.951,2.71930585125473e-15
"AIM2",1.59297718144209e-19,-0.559227588003861,0.926,0.862,2.98284977225031e-15
"ART1",1.87614362217532e-19,-0.317684351361608,0.402,0.54,3.51307893252328e-15
"C2orf88",2.03583567582415e-19,0.416823214910329,0.54,0.342,3.81210230298072e-15
"SALL2",2.46850418817776e-19,1.03391390351615,0.286,0.252,4.62227409236285e-15
"TNFRSF10C",3.774359642686e-19,0.336570680988898,0.954,0.836,7.06748843092954e-15
"MMP25",4.29539578586772e-19,0.300353603393462,0.83,0.67,8.04312860903731e-15
"TBC1D3L",5.46655032277202e-19,-0.347160542607272,0.893,0.883,1.02361154793906e-14
"MYPN",7.79241529527404e-19,1.46442886457442,0.325,0.217,1.45912976404006e-14
"C9orf153",8.04891893567476e-19,-0.800957474275005,0.389,0.515,1.5071600707051e-14
"NTRK2",8.09072624442948e-19,-0.528492910912286,0.823,0.855,1.51498848926942e-14
"CACNG2",8.43299764322748e-19,-1.73267608032562,0.197,0.371,1.57907880869435e-14
"FAP",9.44973283349667e-19,-0.608974469877182,0.319,0.474,1.76946247307225e-14
"GJC2",1.08922856997828e-18,-0.328428023330694,0.917,0.93,2.03958049728434e-14
"DACH1",1.11482063057426e-18,0.35834009060609,0.821,0.686,2.0875016307503e-14
"CD79B",1.13880122450984e-18,-2.21002683465373,0.899,0.732,2.13240529289467e-14
"DLGAP1",1.2240515286688e-18,-1.03092577275232,0.399,0.555,2.29203648743233e-14
"MYOM2",1.35600044537596e-18,0.623841649547511,0.786,0.615,2.53911083396648e-14
"TYMS",1.42668816282018e-18,1.35897270177596,0.65,0.474,2.67147358488079e-14
"LINC00943",1.4377392336193e-18,-1.34460046552453,0.219,0.336,2.69216671495213e-14
"ZNF414",1.60162644505488e-18,0.336573495372263,0.907,0.872,2.99904551836527e-14
"SRGN",1.63802370455913e-18,-0.305630297122185,1,0.999,3.06719938678697e-14
"MDS2",1.85746088228611e-18,-0.384030073872254,0.867,0.968,3.47809550208075e-14
"TRERNA1",2.62028251131724e-18,-0.575552615606005,0.448,0.591,4.90647900244153e-14
"OBSCN",2.78043696778609e-18,0.522514462205437,0.881,0.803,5.20636822217946e-14
"SPTBN1",3.78586566701624e-18,0.315901051406859,0.904,0.853,7.08903346148791e-14
"PDGFRL",4.03915633882416e-18,0.410329010081821,0.507,0.354,7.56332024444824e-14
"NPIPA1",4.27378335262495e-18,-1.22714538416072,0.614,0.736,8.00265932779023e-14
"CRYBB3",5.67876297860656e-18,-0.463447541304189,0.332,0.506,1.06334836774408e-13
"OSGIN1",6.12974685529797e-18,-0.455051959432419,0.895,0.89,1.14779509865454e-13
"ENTPD2",6.31430024556247e-18,-0.557936652040652,0.21,0.347,1.18235272098157e-13
"P2RX5",6.49613573029495e-18,-0.831545213957534,0.941,0.9,1.21640141549773e-13
"HEY2",6.5125468279764e-18,-0.387289463957675,0.211,0.38,1.21947439353858e-13
"CD19",9.01166565402803e-18,-3.40303100531579,0.65,0.376,1.68743439371675e-13
"SLC22A14",9.05706055819011e-18,-0.405089019105235,0.55,0.698,1.6959345895211e-13
"ESCO2",9.67420753862677e-18,0.897002873931509,0.613,0.446,1.81149536160786e-13
"CD207",1.03134028495431e-17,1.24722040113107,0.75,0.588,1.93118468357694e-13
"AC006130.3",1.11258791080467e-17,-0.314267451200154,0.646,0.764,2.08332086298175e-13
"LUM",1.32643921187798e-17,-0.772389928303497,0.672,0.759,2.48375742424153e-13
"TIGIT",1.48238835864462e-17,0.399408640231161,0.935,0.917,2.77577220156206e-13
"OR4D1",1.51700752419781e-17,0.461933343216369,0.841,0.775,2.8405965890604e-13
"CCL17",1.62066462464173e-17,0.786673055660229,0.713,0.484,3.03469450964165e-13
"RAB37",1.65227901461078e-17,0.424296253297296,0.745,0.584,3.09389245485869e-13
"OSBP2",1.8854029985891e-17,-0.60995620043456,0.44,0.61,3.5304171148581e-13
"DHDH",2.19135963718877e-17,-1.31174675013722,0.389,0.536,4.10332092063597e-13
"TBXA2R",2.43659396434115e-17,0.748579058384935,0.478,0.374,4.5625221982288e-13
"KIAA1755",2.74940562541039e-17,-0.352685036265479,0.923,0.942,5.14826203358095e-13
"KLRC1",2.86755041201805e-17,2.26736641682123,0.659,0.476,5.36948814650379e-13
"SLAMF7",3.45783632891935e-17,0.416977606070648,0.878,0.807,6.47479852590148e-13
"FOXD2-AS1",3.69143528545191e-17,0.393609583697963,0.941,0.902,6.9122125720087e-13
"MMAA",3.85653889423941e-17,0.367158178387425,0.909,0.785,7.2213690794633e-13
"IGHV1-14",4.27677513141548e-17,-0.600774609046674,0.413,0.556,8.00826143357548e-13
"WEE1",4.78601388716546e-17,0.333067078978467,0.8,0.667,8.96181100371732e-13
"CCDC78",4.86903419533839e-17,1.97754800872869,0.565,0.423,9.11726653077114e-13
"SOX7",5.62762472779845e-17,0.340600612575898,0.923,0.781,1.05377273028026e-12
"JAKMIP1",6.67173412372319e-17,0.336102203057945,0.968,0.913,1.24928221466717e-12
"IGKV1-12",6.72909147457429e-17,0.869441857404196,0.702,0.511,1.26002237861404e-12
"LGR6",6.89566290703539e-17,0.960722469882271,0.673,0.55,1.29121287934238e-12
"TRAV12-2",7.41110541452431e-17,0.683314375854829,0.388,0.26,1.38772948886968e-12
"TMEM121",7.56193192115619e-17,0.54813505892248,0.75,0.608,1.4159717522365e-12
"COL7A1",8.24120564470845e-17,-1.89143698386243,0.25,0.389,1.54316575697166e-12
"BUB1B",8.24623188390152e-17,0.534733262526515,0.697,0.618,1.54410692026056e-12
"ADM2",9.22723048671222e-17,1.84139434627896,0.445,0.314,1.72779890863686e-12
"CPXCR1",9.41157911669575e-17,-0.333367501028535,0.227,0.387,1.76231818960128e-12
"DPP9-AS1",1.10970450413398e-16,-0.741015089889709,0.302,0.477,2.07792168399088e-12
"SAT1",1.33515625819266e-16,-0.332673958529893,1,1,2.50008009346575e-12
"LAG3",1.40736364223704e-16,0.809573712825962,0.763,0.646,2.63528842008886e-12
"AKR1C3",1.42191628594098e-16,0.441332896682379,0.935,0.846,2.66253824542449e-12
"RGL4",1.58588132034009e-16,0.324254592028818,0.975,0.929,2.96956277233682e-12
"PTGDR",1.68307964449494e-16,0.360172692555813,0.934,0.882,3.15156663431677e-12
"LRRC73",1.83527934802865e-16,-0.381767606331151,0.486,0.608,3.43656057918365e-12
"LINC01623",1.94283722420629e-16,0.364861745719452,0.614,0.463,3.63796270232628e-12
"STAP2",2.12773453041626e-16,0.466099903532328,0.647,0.475,3.98418290820444e-12
"CDCA7L",2.26234029128139e-16,-0.475360820115008,0.888,0.833,4.2362321954244e-12
"DNMBP-AS1",2.50256713330376e-16,2.29256094112696,0.502,0.372,4.68605695711129e-12
"PLCB4",2.67170144149986e-16,1.31709593419948,0.315,0.23,5.00276094920849e-12
"LEKR1",2.74806217230361e-16,0.766431377358375,0.359,0.28,5.14574641763851e-12
"FOXD4L5",2.81305528696475e-16,-0.434986832241737,0.242,0.401,5.26744602484149e-12
"PXDC1",2.86923108129005e-16,-0.304817998060229,1,0.98,5.37263519971563e-12
"RAB40A",3.27108694519345e-16,-0.353776390442926,0.239,0.34,6.12511030487474e-12
"DNAJC22",3.42926429877462e-16,0.704104017149399,0.482,0.347,6.42129739945548e-12
"NEURL3",3.7528627938919e-16,-0.868981446458235,0.336,0.468,7.02723558156258e-12
"TAPT1-AS1",3.87574491299104e-16,0.489639444298037,0.714,0.58,7.25733234957572e-12
"PHACTR2-AS1",3.89196155820502e-16,-0.545779870565111,0.216,0.314,7.28769801773891e-12
"ANKRD24",5.25655634147753e-16,-0.547342939647153,0.478,0.608,9.84290174941667e-12
"COLGALT2",5.97529474086413e-16,-0.61392291678113,0.546,0.695,1.11887394022681e-11
"CCDC102A",6.25054573103381e-16,0.477948796253472,0.84,0.731,1.17041468813608e-11
"PRSS16",6.95327680902767e-16,0.731802534257225,0.392,0.264,1.30200108249043e-11
"GFI1",7.10709202550189e-16,0.793752910968221,0.65,0.518,1.33080298177523e-11
"IRGM",8.96789177239181e-16,1.00736449190489,0.379,0.311,1.67923773438037e-11
"SLC44A3",9.48957179820623e-16,-0.797323365716021,0.483,0.624,1.77692231921412e-11
"PLEKHF1",1.0334698276935e-15,0.320829691426332,0.963,0.925,1.93517225235609e-11
"CCT8L2",1.09410139996397e-15,-0.336257941734106,0.194,0.343,2.04870487143253e-11
"LSAMP",1.26143573554287e-15,-0.444347801369139,0.611,0.71,2.36203841480402e-11
"KLRC4",1.33326181281711e-15,0.613753118757209,0.705,0.553,2.49653274450005e-11
"PITX1",1.36686369237686e-15,-0.516519645962964,0.839,0.854,2.55945226397567e-11
"ARHGEF35",1.45477403134428e-15,1.00985720059815,0.837,0.65,2.72406437369217e-11
"NLRP7",1.66503922948776e-15,1.14776870173486,0.523,0.369,3.11778595721583e-11
"EPDR1",1.77542021447995e-15,0.417979476136088,0.883,0.801,3.32447435161371e-11
"LINC00996",1.92974753955572e-15,2.63973550896409,0.589,0.384,3.61345226781809e-11
"ZNF354C",2.24883596816507e-15,-0.34545785498545,0.924,0.936,4.21094535038908e-11
"GPX2",2.32320986075234e-15,0.545131009505608,0.601,0.465,4.35021046425876e-11
"FASLG",2.64417020351324e-15,0.589377371073356,0.883,0.803,4.95120870607854e-11
"XCL1",2.73773747133287e-15,2.51770286482768,0.64,0.447,5.1264134150708e-11
"ADAM32",2.91951059866948e-15,-0.430665254274562,0.44,0.596,5.4667835960086e-11
"RELB",2.96720914000525e-15,-0.323669785321278,0.997,0.995,5.55609911465983e-11
"GML",3.12759068505718e-15,0.377872971258677,0.408,0.329,5.85641355776956e-11
"DBN1",3.17679737320064e-15,0.521007007162594,0.841,0.688,5.9485530813182e-11
"CDH24",3.72562262176731e-15,0.469744332856886,0.437,0.359,6.97622835925929e-11
"CD160",4.23149658022849e-15,0.917569538830176,0.695,0.554,7.92347734647784e-11
"ACOT1",4.52609625723494e-15,-0.315175161534425,0.832,0.887,8.47511524167242e-11
"CABLES2",4.8297570540904e-15,0.328624292702555,0.971,0.851,9.04372008378427e-11
"SCG2",7.19857594572472e-15,-0.300772367823763,0.939,0.967,1.34793334583695e-10
"C1QTNF6",7.20268596671147e-15,0.433781600205247,0.911,0.777,1.34870294726672e-10
"TRAV8-3",8.58984807536275e-15,2.96740884105215,0.303,0.225,1.60844905211167e-10
"TNFRSF9",1.17783273366385e-14,0.415761780850895,0.9,0.852,2.20549179378556e-10
"SLC13A5",1.21784314434531e-14,0.315411174882403,0.847,0.646,2.28041128778659e-10
"GDF6",1.23310208921355e-14,-0.367778591732369,0.279,0.459,2.30898366205238e-10
"TIFAB",1.27495869633961e-14,0.320548461878172,0.868,0.717,2.38736015889593e-10
"NLRP6",1.31746752969784e-14,-0.399223878020052,0.798,0.814,2.46695794935921e-10
"LINC01206",1.34455053807237e-14,-0.56102912954734,0.55,0.666,2.51767088254051e-10
"SFT2D3",1.43559829585739e-14,0.462607278578573,0.943,0.791,2.68815780899296e-10
"CYP19A1",1.58454722970433e-14,-0.530967385387344,0.294,0.46,2.96706468762136e-10
"KIAA1671",1.60612554293301e-14,0.306429508842773,0.927,0.896,3.00747007914206e-10
"WDR34",1.7854612253071e-14,-0.571478342659358,0.724,0.505,3.34327614438754e-10
"MSC-AS1",1.7854612253071e-14,0.300501533416506,0.921,0.829,3.34327614438754e-10
"TRIM60",2.15391166724933e-14,-0.309360185753909,0.987,0.974,4.03319959692438e-10
"PPM1E",3.55282752130306e-14,-0.442996285323755,0.472,0.599,6.65266953363998e-10
"AC110615.1",4.2674924551797e-14,-0.935340146766489,0.173,0.317,7.99087962232399e-10
"FSIP1",4.51822133528684e-14,0.89520683164964,0.307,0.213,8.46036945032461e-10
"DNMT3B",4.66830977871553e-14,0.312207239553764,0.637,0.52,8.74141006064484e-10
"SERPINA10",4.80198967370453e-14,-0.365101446874636,0.418,0.539,8.99172566401174e-10
"MFAP3L",4.88778155045493e-14,0.34158526384282,0.5,0.352,9.15237095322686e-10
"CCDC71L",4.9203405425857e-14,0.345708418482536,0.914,0.811,9.21333766599172e-10
"AC061992.2",5.01930237363177e-14,1.30486855920763,0.548,0.434,9.39864369462549e-10
"C8orf82",5.21447993991062e-14,1.20342756500698,0.516,0.351,9.76411368748264e-10
"ANKRD31",5.44110374724433e-14,1.54177979403943,0.439,0.306,1.0188466766715e-09
"DYDC2",6.39897285658854e-14,-0.40772399364611,0.22,0.35,1.1982076673962e-09
"LRAT",6.92299724908892e-14,1.3774211569718,0.492,0.373,1.2963312348919e-09
"HOXA10-AS",6.94588282344055e-14,0.69762310943144,0.606,0.492,1.30061655868924e-09
"ACSBG2",7.37077278178154e-14,-0.384485663484851,0.197,0.317,1.38017720338859e-09
"PODXL",7.54696384989731e-14,-0.372237497986781,0.811,0.834,1.41316898089327e-09
"TRBV15",7.93359667360033e-14,-0.313454999278488,0.911,0.88,1.48556597713166e-09
"NPAS1",8.4408839461698e-14,-1.04211758745103,0.253,0.386,1.58055551892030e-09
"BAIAP3",9.26974702480486e-14,-0.479918229219901,0.371,0.263,1.73576013039471e-09
"KLHDC7A",9.67390956654983e-14,0.325357825024154,0.259,0.236,1.81143956633646e-09
"TRAV25",9.86623992430957e-14,1.91809462074456,0.279,0.242,1.84745342582697e-09
"PF4",1.01784749959901e-13,-0.375512634849068,0.231,0.37,1.90591944299914e-09
"OPN1SW",1.04946829580829e-13,-0.314345784804612,0.602,0.696,1.96512938390102e-09
"DLEC1",1.23333919276978e-13,0.549695523666859,0.467,0.35,2.30942763846142e-09
"CDK1",1.39622573290322e-13,0.844530704825059,0.632,0.536,2.61443268486128e-09
"FCRLA",1.60177091747117e-13,-3.13581967919175,0.638,0.451,2.99931604296476e-09
"FCRL6",1.77157286118156e-13,0.469159996838775,0.97,0.883,3.31727018256247e-09
"KRT1",1.85996551158597e-13,1.35039479588196,0.677,0.523,3.48278542044473e-09
"LINGO2",1.92648528466985e-13,-0.332626753311231,0.504,0.665,3.60734369554429e-09
"B4GALNT3",2.08341188097542e-13,0.644607723937481,0.709,0.575,3.90118874712648e-09
"ZBTB47",2.18117215644941e-13,-0.322359358673292,0.928,0.89,4.08424486295153e-09
"CHAC2",2.63626752779419e-13,0.316116456754767,0.935,0.816,4.93641094579462e-09
"NUDT10",2.69933962937042e-13,0.351073632561812,0.387,0.25,5.05451345599612e-09
"NUTM1",2.74466441406987e-13,-0.300037162203267,0.552,0.676,5.13938411534584e-09
"CALCRL",2.88053032139702e-13,0.79311575030532,0.675,0.519,5.39379302681591e-09
"HHATL",2.99396025505212e-13,-0.579895831103817,0.912,0.833,5.6061905775851e-09
"KIF1BP",3.03354937873602e-13,-0.306399158752337,0.996,0.986,5.68032121168321e-09
"SLC17A3",4.10889198751098e-13,-0.554698694063045,0.651,0.733,7.6939002466143e-09
"ZSWIM8-AS1",4.15958706810197e-13,1.13553738756966,0.326,0.266,7.78882678502094e-09
"AC009312.1",4.33381613047026e-13,-0.442233492983785,0.187,0.357,8.11507070430556e-09
"CYP2E1",4.46738731502851e-13,0.61961443490461,0.7,0.565,8.36518274739089e-09
"KCNA3",5.34945034476449e-13,0.362841421287165,0.925,0.841,1.00168457705715e-08
"MYO16",5.52832705574752e-13,0.564167969140387,0.519,0.377,1.03517924118872e-08
"DBET",6.95211402394711e-13,-0.391896283869558,0.303,0.391,1.3017833509841e-08
"FLT3",7.02407361199228e-13,0.593297473112421,0.801,0.602,1.31525778384556e-08
"ARPP21",7.70955843942104e-13,0.493407329911168,0.354,0.258,1.44361481778159e-08
"TG",8.23432738435601e-13,-0.601335343761201,0.37,0.517,1.54187780272066e-08
"MSX1",9.15254443953139e-13,0.463087349720414,0.94,0.827,1.71381394630225e-08
"FSCN3",1.19511318118295e-12,-2.17739034235402,0.386,0.501,2.23784943176507e-08
"KCNJ12",1.23318800044842e-12,-0.310592565588314,0.323,0.479,2.30914453083966e-08
"DLC1",1.39120948254664e-12,-0.495225970573628,0.725,0.757,2.60503975606859e-08
"PPP1R32",1.45877359770248e-12,-2.22013545800907,0.415,0.506,2.73155356169789e-08
"PDLIM1",1.65794877154807e-12,-1.5774702440646,0.744,0.578,3.10450907472375e-08
"INCENP",1.72650153356069e-12,0.332603000168312,0.941,0.859,3.23287412159238e-08
"LHFPL5",1.86720627877834e-12,0.647760822897121,0.373,0.232,3.49634375701244e-08
"GRAP2",1.8945063302394e-12,0.359916521240062,0.813,0.756,3.54746310337329e-08
"IFNG",2.0296218399565e-12,0.409303802620306,0.917,0.794,3.80046689531855e-08
"PIK3CD-AS2",2.10448682083172e-12,0.564724755205273,0.601,0.451,3.9406515720074e-08
"AC004490.1",2.21272270412245e-12,0.336130997822869,0.778,0.572,4.14332326346928e-08
"ZXDA",2.2636018433292e-12,-0.410038574224449,0.774,0.896,4.23859445163393e-08
"CXCL13",2.2647714224668e-12,-0.94438118122749,0.549,0.652,4.24078448856908e-08
"FRMD5",2.46355161250686e-12,-0.482546350109928,0.318,0.417,4.6130003944191e-08
"OVCH2",2.52008024298574e-12,-0.453891308543295,0.315,0.453,4.7188502549908e-08
"AC009264.1",2.63833870249419e-12,-0.428347675954477,0.282,0.425,4.94028922042037e-08
"CAPN11",2.78486743382986e-12,-0.344295222897351,0.487,0.586,5.2146642698464e-08
"TSPAN13",3.04387809982229e-12,-0.842190292339526,0.661,0.527,5.69966174191724e-08
"IL21R",3.48617370519914e-12,0.526262393696007,0.725,0.641,6.52786026298539e-08
"SLC7A11",3.49064115476241e-12,0.505458865464822,0.715,0.583,6.53622556229261e-08
"ABCA9-AS1",3.54468967518053e-12,-0.336533268471948,0.374,0.492,6.63743141677555e-08
"CDCA7",3.58484591916408e-12,0.783986346511439,0.676,0.56,6.71262398363473e-08
"EOMES",4.50902243832919e-12,0.392876119909608,0.941,0.923,8.4431445157714e-08
"LRTM1",5.09499033858369e-12,0.322474215762409,0.934,0.772,9.54036940899795e-08
"TMIGD1",5.12096091817794e-12,-0.307947465986608,0.299,0.403,9.5889993192882e-08
"GAS5-AS1",5.26078634894451e-12,-0.543911348934092,0.481,0.622,9.8508224383986e-08
"CR2",5.92719635487532e-12,-0.481187994488208,0.958,0.976,1.1098675174504e-07
"CTXN1",6.20689738485785e-12,-0.594328823549514,0.185,0.352,1.16224153531463e-07
"LINC00926",7.10793053585654e-12,-2.34677442822906,0.926,0.894,1.33095999283914e-07
"ELMOD1",7.41960639466155e-12,0.38377661004041,0.577,0.436,1.38932129740038e-07
"PNCK",7.53847838976810e-12,-0.54150558867549,0.307,0.329,1.41158007848408e-07
"TMEM98",7.63992579313845e-12,0.448259511064563,0.658,0.513,1.43057610476518e-07
"LINC01413",8.72209554786905e-12,-0.417134778503845,0.394,0.513,1.63321239133848e-07
"LINC01393",9.3064416895179e-12,-0.866084821260449,0.293,0.432,1.74263120636223e-07
"KCNJ9",9.93905964515505e-12,-0.491702637270992,0.361,0.49,1.86108891855528e-07
"GRIN2B",1.02632573092378e-11,-0.334524360553097,0.136,0.337,1.92179493115478e-07
"HOMER1",1.02993387896899e-11,-0.306041443955592,1,0.999,1.92855118836943e-07
"EFNA5",1.04973886837227e-11,0.3428213770888,0.527,0.427,1.96563603102707e-07
"PHKA1",1.14414893919459e-11,-0.408744655282078,0.482,0.629,2.14241888864187e-07
"POU5F1",1.15449711875882e-11,-0.761079720549986,0.772,0.729,2.16179585487589e-07
"GARNL3",1.16260903481436e-11,-0.315861480543236,0.981,0.931,2.17698541768989e-07
"ANGPTL6",1.16785329298094e-11,-0.41093218083942,0.825,0.82,2.18680529110681e-07
"USP2-AS1",1.36333783850583e-11,-0.40513300144306,0.959,0.911,2.55285010260217e-07
"KRT86",1.5781649964415e-11,1.26574881888238,0.511,0.392,2.95511395583671e-07
"SOX5",1.59076250494971e-11,-0.365351528991022,0.754,0.546,2.97870279051834e-07
"KLK4",1.59948036119855e-11,-0.624024637559533,0.08,0.258,2.99502697634429e-07
"TP53TG3D",1.69936203065058e-11,0.326175785641245,0.812,0.636,3.18205540239321e-07
"C2orf83",1.73170194940459e-11,-0.356436444165546,0.238,0.339,3.2426119002601e-07
"PRDM16",1.86073473347053e-11,0.488538574257289,0.56,0.442,3.48422578842357e-07
"NPB",1.95903310907233e-11,-0.344730910831033,0.941,0.894,3.66828949673793e-07
"AR",1.98439147685523e-11,3.10508004716621,0.504,0.354,3.71577304041142e-07
"ERICH6-AS1",2.0021352508068e-11,0.586018316514583,0.693,0.564,3.74899825713573e-07
"AC004837.4",2.41276240570233e-11,0.322184899091553,0.828,0.692,4.51789760467761e-07
"NODAL",2.46561343533773e-11,-0.751299817053781,0.201,0.323,4.61686115766989e-07
"PAPPA",2.59507997657986e-11,-0.7677223593841,0.478,0.601,4.8592872561458e-07
"LMX1B",2.6596694505287e-11,-0.428137414837256,0.456,0.583,4.98023104611498e-07
"APOBEC3H",2.76222638904353e-11,0.378537062058967,0.941,0.839,5.172268913484e-07
"DEPDC1",2.81011331391484e-11,0.51281985554515,0.754,0.707,5.26193718030553e-07
"KIF20A",3.05451047277655e-11,0.425876340507999,0.706,0.647,5.7195708602741e-07
"TRAJ7",3.08006492101452e-11,-0.301701695506104,0.206,0.332,5.76742156459969e-07
"AC144652.1",3.54790563642145e-11,0.41675688393475,0.934,0.794,6.64345330419917e-07
"EDAR",3.71999988104516e-11,-1.00585416161081,0.171,0.253,6.96569977725706e-07
"JAG2",3.75465317290621e-11,-0.702417389628906,0.743,0.758,7.03058806626689e-07
"CTRC",3.78407973659402e-11,0.389112539836232,0.589,0.481,7.08568930677231e-07
"RNF223",4.5377366806166e-11,-0.372175567638207,0.648,0.712,8.49691193445458e-07
"DOK7",5.07123192389851e-11,-0.750431008305844,0.592,0.465,9.49588177749996e-07
"TMEM31",6.89896845642024e-11,-0.389443607064601,0.437,0.508,1.29183184346469e-06
"SERINC4",6.96572738450727e-11,0.366881916406305,0.333,0.226,1.30433245274899e-06
"NELL2",7.60299633123557e-11,0.515727866106526,0.744,0.664,1.42366106302386e-06
"GZMH",8.03855360675316e-11,0.349990883387695,0.966,0.936,1.50521916286453e-06
"ROR1",8.269354214738e-11,0.34054931566676,0.275,0.212,1.54843657670969e-06
"ARHGEF15",8.36909418215852e-11,-0.40197209008697,0.604,0.693,1.56711288560918e-06
"PPY",9.89530149546946e-11,-0.620505814630413,0.478,0.594,1.85289520502666e-06
"CEACAM19",9.91422774063429e-11,0.391573506693872,0.711,0.606,1.85643914443377e-06
"ITGAD",1.09748358818066e-10,0.335515924775713,0.756,0.617,2.05503801886829e-06
"PYCR1",1.17538897534563e-10,3.44701044722333,0.457,0.384,2.20091585633469e-06
"MXRA8",1.38928859165303e-10,-0.909570726861297,0.338,0.497,2.60144288787029e-06
"COL18A1",1.42665473877567e-10,-0.326436233325289,0.986,0.935,2.67141099835744e-06
"KCNK17",1.57349417218024e-10,1.17102164622368,0.572,0.452,2.94636783740749e-06
"FGFBP2",1.67473661348472e-10,1.08784835196525,0.556,0.45,3.13594430875014e-06
"WBP1",1.92817832060558e-10,0.30091746643089,0.966,0.866,3.61051390533394e-06
"CCDC63",1.93362955727816e-10,-0.506005215647196,0.112,0.253,3.62072134600336e-06
"TRBV9",2.05357544755038e-10,-0.453087543144939,0.617,0.721,3.84532002553808e-06
"IL2RA",2.08174424529431e-10,0.368948531294267,0.436,0.332,3.89806609931359e-06
"CACNA1A",2.39621292688827e-10,-0.562430318946308,0.904,0.932,4.48690870559828e-06
"SH3RF2",2.39845770249132e-10,0.338670116377708,0.725,0.578,4.49111204791499e-06
"AC010894.3",2.61034158874505e-10,0.333942873313323,0.849,0.75,4.8878646249251e-06
"THEMIS",2.6645495271498e-10,0.428764805245575,0.941,0.822,4.989368989588e-06
"ZNF705A",2.76723076844503e-10,-0.350770131587748,0.821,0.916,5.18163961391332e-06
"UNC45B",2.86708171177753e-10,0.467206861918729,0.488,0.38,5.36861050530343e-06
"SLC9B1",3.04042764502585e-10,0.349023714507727,0.877,0.746,5.69320076531091e-06
"AC087430.1",3.08318535946746e-10,-0.399166596658638,0.672,0.74,5.77326458560281e-06
"C2orf16",3.21501176462073e-10,-0.749453872146976,0.145,0.299,6.02010952925231e-06
"TM4SF20",3.29213978585679e-10,-0.466758436779003,0.349,0.471,6.16453174901684e-06
"SWAP70",3.3523361851836e-10,-0.337818632552881,0.999,0.996,6.2772495067563e-06
"AIRE",3.40569091430535e-10,-0.454153253310404,0.704,0.736,6.37715623703678e-06
"PHGDH",3.44385133321377e-10,1.78679716893592,0.539,0.405,6.44861162144278e-06
"CPNE7",3.46710850619551e-10,0.598107397347675,0.806,0.846,6.49216067785109e-06
"TTK",3.75582958019035e-10,3.08463832770984,0.497,0.362,7.03279088890644e-06
"CLIC6",3.9338150966737e-10,-0.692152037711001,0.133,0.254,7.36606876852151e-06
"CPE",4.1582864398083e-10,-0.692896428042881,0.805,0.819,7.78639135854104e-06
"CUX2",4.89919739798731e-10,0.317731699588224,0.666,0.526,9.17374712773125e-06
"SCN7A",5.05143266895803e-10,0.406229624617035,0.252,0.241,9.45880767262391e-06
"NPIPA8",6.11403027211186e-10,-0.348647608265832,0.407,0.553,1.14485216845295e-05
"TMEM200A",6.14208713212508e-10,0.380171795945735,0.724,0.619,1.15010581549042e-05
"ERICH4",6.81385482463391e-10,-0.404709664421484,0.574,0.696,1.2758943159127e-05
"LPAR3",6.87008923445146e-10,0.804740079623876,0.452,0.337,1.28642420915104e-05
"PAGR1",8.10761457401259e-10,0.30352268324933,0.902,0.871,1.51815082898386e-05
"SP6",8.72088217317713e-10,-0.307393613942544,0.505,0.621,1.63298518692742e-05
"STK39",9.67923550745673e-10,0.679022695549927,0.652,0.539,1.81243684877127e-05
"SRXN1",9.72315315141015e-10,0.678253915377239,0.614,0.484,1.82066042760155e-05
"FAM107A",1.05667963670547e-09,-1.28963910056986,0.313,0.45,1.97863261973099e-05
"ANGPTL4",1.07012808943888e-09,-0.564973891532595,0.567,0.675,2.00381484747429e-05
"ADCY10",1.14713126843087e-09,-0.52382625440203,0.699,0.759,2.1480033001368e-05
"SMN2",1.31827379455832e-09,-1.29299230034393,0.526,0.645,2.46846768031046e-05
"MATN4",1.33435876061594e-09,-0.448206216176674,0.645,0.704,2.49858677925334e-05
"CLIC3",1.33435876061594e-09,0.307025168310221,0.846,0.804,2.49858677925334e-05
"TPH1",1.36342786154215e-09,0.61074110291081,0.713,0.613,2.55301867073768e-05
"TRAJ49",1.39186449648014e-09,-0.46507189033337,0.695,0.717,2.60626626965906e-05
"ZC3H3",1.4940097986627e-09,-0.325559180531696,0.957,0.916,2.79753334799591e-05
"EME1",1.72221933421559e-09,0.392011552323947,0.721,0.678,3.22485570331868e-05
"GPR15",1.72606581790499e-09,-1.33923138053299,0.362,0.427,3.23205824402709e-05
"C17orf64",1.75400869106085e-09,0.373686988158271,0.628,0.498,3.28438127401143e-05
"TNFRSF13C",1.77921646129982e-09,-1.33586937291012,0.953,0.917,3.33158282378391e-05
"ANKRD20A3",1.83886907594261e-09,-1.01095461607776,0.285,0.426,3.44328234470253e-05
"PKDREJ",1.84461173922459e-09,-0.39382182750489,0.331,0.456,3.45403548169805e-05
"FXYD3",2.10223788628632e-09,-0.744256691529415,0.604,0.663,3.93644044207113e-05
"CELF6",2.18158653739914e-09,-0.306095780905169,0.905,0.843,4.08502079127989e-05
"TWIST2",2.18207038198189e-09,-0.402295770494688,0.979,0.962,4.08592679026109e-05
"ABCG8",2.46027963656694e-09,-0.43992564932538,0.439,0.535,4.60687361947159e-05
"ENOX1-AS1",2.67563222453271e-09,-0.405266655069008,0.522,0.622,5.01012134043749e-05
"HIST1H2BB",2.69696106984619e-09,0.455183240766404,0.669,0.599,5.05005960328699e-05
"KIF11",2.80611355161276e-09,0.446785124914784,0.899,0.789,5.2544476253949e-05
"TRGC2",2.81230209293331e-09,0.444441675930809,0.929,0.84,5.26603566901762e-05
"MYBPC2",3.12687725753329e-09,-0.346655666521304,0.65,0.803,5.85507766473109e-05
"OSBPL5",3.33238197355351e-09,-0.955626317809715,0.494,0.61,6.23988524547895e-05
"HHLA2",3.62324467254536e-09,0.35585904595561,0.723,0.571,6.78452564934119e-05
"TAGLN3",3.67915953678458e-09,-0.498059170594267,0.282,0.352,6.88922623262913e-05
"AKAP12",3.80015876030913e-09,-0.771339955884944,0.843,0.795,7.11579727867885e-05
"CCIN",3.88409861261147e-09,-0.306542079456783,0.542,0.645,7.27297465211499e-05
"PKIG",3.88409861261147e-09,-0.519277252692731,0.982,0.991,7.27297465211499e-05
"TAF1L",4.05742688430279e-09,-1.26740408530526,0.305,0.426,7.59753184085697e-05
"DET1",4.60374411466335e-09,0.457484381731195,0.971,0.783,8.62051085470712e-05
"CD8A",4.99114089595901e-09,0.439397274385746,0.897,0.893,9.34591132768325e-05
"MUC17",5.12496342793891e-09,-0.315558705672055,0.574,0.634,9.59649401881562e-05
"F3",5.12718606522183e-09,-0.615229679566289,0.797,0.811,9.60065590712787e-05
"CST2",5.19880775258658e-09,0.492610046818246,0.526,0.441,9.73476751671837e-05
"SERPINB2",5.20557197620641e-09,-0.304070728301264,0.458,0.566,9.74743352544651e-05
"CCNB2",6.25017261588762e-09,0.486999748002175,0.739,0.753,0.000117034482232496
"DOK5",6.26906869026982e-09,-0.488453904712333,0.799,0.802,0.000117388311225302
"RGS9",6.41395323599042e-09,-0.583149453567104,0.913,0.877,0.000120101274343921
"BRWD1-AS2",6.74251469921601e-09,-0.417791819939985,0.688,0.712,0.00012625358774282
"TRGV7",7.34467877218395e-09,0.394470518201933,0.702,0.588,0.000137529110009144
"IFNL1",8.84488851446674e-09,1.30083703740087,0.474,0.33,0.00016562053743339
"ANGPTL1",9.36150848918462e-09,-0.455720129498818,0.575,0.643,0.000175294246459982
"ISLR",9.63685992673002e-09,-0.359880898664686,0.83,0.872,0.00018045020212802
"LINC00623",1.06503920567726e-08,0.387582157117845,0.965,0.89,0.000199428591263067
"CELF2-AS1",1.15497970625847e-08,0.447095144047676,0.361,0.237,0.000216269949996899
"HOXD9",1.16753231103319e-08,-0.332530362078924,0.827,0.882,0.000218620425240964
"PTPRB",1.17622346785988e-08,0.865147938915332,0.365,0.268,0.000220247844356762
"LINC01220",1.21573175576814e-08,-0.551350086782103,0.769,0.782,0.000227645771267585
"SEMA3A",1.33705983304577e-08,-0.318367265839957,0.876,0.845,0.000250364453737821
"ZNF239",1.40471929936791e-08,0.436925594925921,0.906,0.748,0.000263033688806642
"SAA2",1.42920692822978e-08,-0.660255875883589,0.204,0.295,0.000267618997311025
"SORCS1",1.51153060681769e-08,-0.563010609505197,0.587,0.635,0.000283034106126612
"ITGA2",1.55081155747828e-08,0.378134452693237,0.772,0.644,0.000290389464137808
"UBE2V1",1.67399397088571e-08,0.370541055628117,0.868,0.844,0.000313455371048348
"IRX5",1.68173604677853e-08,-0.41713934925588,0.932,0.925,0.000314905074759279
"PRRT2",1.68314742804704e-08,0.393747162813032,0.507,0.385,0.000315169355901808
"TTC12",1.73037379360869e-08,1.45050623461231,0.634,0.554,0.000324012492853228
"NME9",1.87990392216532e-08,-0.328402274297535,0.524,0.656,0.000352012009425455
"KIF6",1.89410351208296e-08,-0.300082316270169,0.772,0.82,0.000354670882637534
"ZNF391",2.0123507070718e-08,-0.360198025993931,0.582,0.662,0.000376812669899195
"CD8B",2.02413992074662e-08,0.55991073733263,0.746,0.734,0.000379020200159805
"MND1",2.03005963462994e-08,0.324694107839684,0.872,0.854,0.000380128666584456
"C1orf146",2.15563328390594e-08,-0.304468583045203,0.159,0.333,0.000403642332411387
"RPS4Y2",2.21107253815026e-08,0.608964039303283,0.737,0.711,0.000414023332768636
"HNF4A-AS1",2.41171330133889e-08,-0.349212446423969,0.15,0.303,0.000451593315675706
"NKILA",2.60397198079688e-08,1.17807687656125,0.504,0.412,0.000487593753404215
"GPR3",2.63870292827852e-08,-0.549830119516914,0.23,0.348,0.000494097123320153
"FAM183A",2.86026565041575e-08,-0.339949116434294,0.836,0.835,0.000535584743040349
"AF067845.1",2.99928342512253e-08,-0.435569519010478,0.315,0.337,0.000561615821354194
"HOMER2",3.12290520390041e-08,0.463809585915884,0.794,0.654,0.000584763999430351
"MARC1",3.40887714064974e-08,1.02161452198153,0.495,0.441,0.000638312244586663
"SPRED3",3.47103923564312e-08,0.302533241843946,0.568,0.449,0.000649952096874175
"HOXA6",3.5927795192994e-08,1.6753544351491,0.419,0.282,0.000672747964988813
"ENAH",3.68075284798041e-08,0.526491102964602,0.62,0.536,0.000689220970784331
"GRAMD1C",3.70800558330377e-08,-2.90026786854899,0.416,0.263,0.00069432404547363
"XKR9",4.20237266865794e-08,0.307743592199531,0.59,0.506,0.000786894282206198
"CD300LG",4.27153979369988e-08,-0.39394589462872,0.416,0.489,0.000799845826370303
"ZNF775",4.28900329439347e-08,0.389610208306397,0.709,0.588,0.000803115866875178
"ST8SIA1",4.32061219474804e-08,0.448494672989979,0.794,0.754,0.00080903463346657
"F5",4.55569998650166e-08,1.74762790696129,0.522,0.416,0.000853054822472436
"PAM16",5.30543863456506e-08,0.347969467089153,0.913,0.848,0.000993443384322308
"UAP1L1",5.38776782705832e-08,-0.324553951227662,0.936,0.915,0.00100885952561667
"TGFBR3",5.81363887360692e-08,0.519008494899013,0.747,0.669,0.0010886038790829
"NUDT8",5.8821703747758e-08,0.347090814970906,0.932,0.809,0.00110143640267677
"RCOR2",6.0655048022512e-08,-0.37543579357251,0.737,0.762,0.00113576577422154
"GOLGA7B",7.06275659080477e-08,1.23459167716954,0.579,0.516,0.00132250117162819
"MAOA",7.09118545079425e-08,-0.499589570806691,0.875,0.73,0.00132782447566122
"LINC01309",7.69900814097447e-08,-0.456751021858876,0.726,0.713,0.00144163927439747
"IDI2-AS1",7.96875620611812e-08,-0.524726583720755,0.823,0.785,0.00149214959959562
"LINC00882",8.1786858256083e-08,-1.4744023842411,0.326,0.435,0.00153145892084515
"PLA2G6",8.51214894931619e-08,0.410557540430781,0.789,0.71,0.00159389989075946
"DYNAP",8.90836265610379e-08,-0.699448854024901,0.421,0.513,0.00166809090735543
"ENOX1",8.93682779942124e-08,0.52491373327867,0.534,0.467,0.00167342100544163
"PRELP",9.00119671154853e-08,-0.500629292415684,0.877,0.87,0.00168547408423746
"PBK",9.77446508585686e-08,0.611319311746264,0.523,0.418,0.0018302685873267
"PMEL",1.01303789962786e-07,-0.810987131182872,0.274,0.249,0.00189691346705316
"PAPLN",1.02721506175388e-07,4.37642519050838,0.395,0.302,0.00192346020313414
"AK8",1.05321934940427e-07,-0.815766736751806,0.369,0.345,0.00197215323175949
"ESPN",1.15870372152158e-07,0.346038753989017,0.711,0.588,0.00216967271854915
"TLL2",1.1837043831384e-07,-0.369033581142963,0.89,0.847,0.00221648645742665
"PLA1A",1.2250848182927e-07,0.534141546173396,0.56,0.444,0.00229397132225309
"CBLN3",1.27287200185719e-07,-0.69792510420605,0.651,0.728,0.00238345282347759
"UNC5CL",1.2743783387416e-07,-0.339761218091683,0.805,0.767,0.00238627343929365
"TREML2",1.28421163747843e-07,0.374210119497384,0.66,0.534,0.00240468629117837
"NNMT",1.31260221832603e-07,-3.05221220649517,0.163,0.286,0.00245784765381549
"CD70",1.3282003055565e-07,-0.477474057281629,0.98,0.987,0.00248705507215455
"P2RY2",1.41669073700538e-07,-0.339162063311035,0.862,0.833,0.00265275340504258
"IHH",1.44819292517789e-07,-0.33699086233629,0.52,0.612,0.0027117412523956
"SAMD10",1.48095300336509e-07,0.976008270094155,0.497,0.403,0.00277308449880113
"NDN",1.49144637755678e-07,0.484238467791885,0.781,0.626,0.00279273334197507
"ZMYND19",1.49701348711391e-07,0.4285202784302,0.743,0.674,0.00280315775462079
"CSRP2",1.55349728932065e-07,-0.675483585602903,0.341,0.3,0.00290892367425291
"FADS6",1.58421103807218e-07,0.717602317311179,0.798,0.684,0.00296643516879015
"SORBS1",1.63649666596983e-07,-0.302019718467793,0.748,0.595,0.0030643400070285
"PALM2-AKAP2",1.64483567149902e-07,0.778846212800659,0.614,0.555,0.00307995479488191
"DCTN1-AS1",1.66618886200348e-07,-0.413442686357222,0.417,0.499,0.00311993864410151
"OSBPL10",1.80989743869888e-07,-0.791101329702749,0.749,0.59,0.00338903295396365
"PAGE4",1.81130862644782e-07,-0.300859251773209,0.382,0.495,0.00339167540302355
"ITGBL1",1.81130862644782e-07,-0.359262395619631,0.586,0.659,0.00339167540302355
"ADCY4",1.89426557063835e-07,-0.644763155376216,0.649,0.721,0.00354701228102031
"HPSE",2.01034553159898e-07,-0.330823169202408,0.926,0.904,0.00376437200791909
"SCNN1D",2.09476721771642e-07,-0.375217782459075,0.795,0.829,0.003922451615174
"TRAJ16",2.17838780721188e-07,-0.307885003320839,0.741,0.771,0.00407903116900424
"CNN3",2.33457543115793e-07,-0.595964001089507,0.673,0.537,0.00437149249484322
"PRKCE",2.3463307068908e-07,-0.354476077799274,0.901,0.923,0.00439350424865302
"IL26",2.39670044306235e-07,-0.312728967185745,0.448,0.581,0.00448782157963425
"SLC22A4",2.45947236322206e-07,0.41720428178402,0.318,0.309,0.00460536200013331
"STOX1",2.66053291290799e-07,-0.48279558593946,0.447,0.528,0.00498184787942021
"HMMR",2.71844642206692e-07,0.332064770416787,0.81,0.806,0.00509029092532031
"MSH4",2.9427092479008e-07,-0.520766405125597,0.411,0.486,0.00551022306669425
"TRAV22",3.02792173772327e-07,0.389805996205947,0.652,0.576,0.00566978345388683
"MMP17",3.09117072173637e-07,-0.865748960048434,0.508,0.581,0.00578821717645134
"MAPRE3",3.25119591158194e-07,0.308648913484996,0.8,0.671,0.00608786434443718
"CD38",3.71659265764805e-07,0.304220187594552,0.794,0.791,0.00695931975144598
"AMZ1",3.78071886724354e-07,-0.313573615447432,0.969,0.881,0.00707939607891353
"DSCAM-AS1",3.98712408423926e-07,-0.311790503403028,0.647,0.688,0.00746588984773802
"TRPM8",4.32869693230373e-07,0.381798973525666,0.767,0.692,0.00810548500573873
"EDNRB",4.43639156691112e-07,-1.71930991573751,0.45,0.54,0.00830714320904108
"BRSK1",4.56042265893847e-07,0.426003753425563,0.795,0.642,0.00853939142886228
"GVQW2",4.5621447207316e-07,0.466549550350543,0.492,0.429,0.00854261598956991
"ZNF579",4.64379296582714e-07,-0.384482284218035,0.927,0.852,0.00869550232851132
"TMC1",5.024253286364e-07,-0.328909156157172,0.298,0.42,0.00940791427871659
"NTSR1",5.71464497461782e-07,-1.10492222301872,0.184,0.3,0.0107006727149719
"TNXB",6.18848003409007e-07,-0.529373648379437,0.687,0.7,0.0115879288638337
"HIST1H2BI",6.53490737539929e-07,-0.528047815857818,0.261,0.363,0.0122366140604352
"DYNC1I1",6.56175189182437e-07,-0.314914291785138,0.55,0.613,0.0122868804174411
"SGIP1",6.8157878282597e-07,-0.46721366385615,0.224,0.371,0.0127625627084163
"QPCT",6.92054813491849e-07,-0.455079936725663,0.966,0.919,0.0129587263826349
"GZMK",7.12150122820225e-07,0.373349332261502,0.788,0.772,0.0133350110498087
"MT3",7.50692937928299e-07,-0.427596351444894,0.999,0.986,0.0140567252627074
"CACNA1C-AS2",7.81634066771449e-07,0.496457811266621,0.669,0.607,0.0146360979002954
"ID4",8.09749572102143e-07,-0.366219685859157,0.895,0.901,0.0151625607376126
"PDE3A",8.98737443282094e-07,-0.729509909060843,0.416,0.313,0.0168288586254572
"CYP4X1",9.01057805653968e-07,-0.321210755514752,0.921,0.965,0.0168723074108705
"NES",1.02434832293773e-06,-0.707626037297301,0.196,0.348,0.0191809223470089
"KRTDAP",1.0318849552192e-06,-0.328831090393143,0.491,0.57,0.0193220457864794
"MCAM",1.17317127193797e-06,-0.398193217803701,0.749,0.768,0.0219676320670385
"TIMD4",1.17402730703987e-06,0.39027322355464,0.953,0.809,0.0219836613243215
"JAM3",1.20612651461002e-06,-0.303734312637901,0.999,0.986,0.0225847189860726
"FCN1",1.23546651778885e-06,-1.26979413599398,0.583,0.652,0.0231341105455961
"EIF4EBP3",1.24042279958854e-06,0.512970066521349,0.782,0.697,0.0232269169222955
"IL22RA2",1.24993795734937e-06,-0.353535584050913,0.234,0.331,0.023405088251367
"OVCH1-AS1",1.3279050170937e-06,0.428024417036582,0.667,0.601,0.0248650214450794
"LRRC42",1.34805462905159e-06,-0.30517287495748,0.918,0.922,0.0252423229289911
"CD34",1.38270996308363e-06,-0.363221829948371,0.814,0.85,0.025891244058741
"SLC32A1",1.38773013083292e-06,-0.309698524773639,0.58,0.618,0.0259852466998463
"CAHM",1.40086473343399e-06,0.496187577876219,0.831,0.72,0.0262311921335516
"FOLR3",1.42801032804867e-06,-0.717816152467257,0.69,0.714,0.0267394933927113
"IL18RAP",1.45935165438157e-06,0.49821040928669,0.542,0.443,0.027326359728295
"TMEM92",1.45987957204427e-06,-0.460398562041993,0.208,0.315,0.027336244986529
"ADAMTS4",1.47793843034197e-06,-0.450447596822299,0.912,0.898,0.0276743971081534
"ST8SIA3",1.51415568353694e-06,-0.317259710835497,0.337,0.474,0.0283525651742293
"FAM66D",1.53673771232674e-06,0.349694431988624,0.75,0.688,0.0287754136633182
"DIRAS1",1.54842915856466e-06,-2.13688866610913,0.391,0.466,0.0289943359941233
"PRG2",1.73315551144944e-06,-0.416981095266609,0.468,0.557,0.0324533369518907
"AC007743.1",1.75445197541145e-06,-0.328637233014968,0.3,0.404,0.0328521132395794
"FGF8",1.82770836082918e-06,-0.334054615011333,0.223,0.343,0.0342238390565264
"UTS2B",1.91620477300074e-06,-1.03520357857743,0.416,0.345,0.0358809343744389
"AC010884.1",1.92858684132923e-06,-0.365439270161557,0.228,0.271,0.0361127886038899
"BOC",1.97747404066775e-06,-0.359194794314281,0.306,0.384,0.0370282014115035
"ENPP3",2.08181227032775e-06,-0.343148937222248,0.735,0.766,0.038981934761887
"GLT8D2",2.12379956011711e-06,-0.441042107616513,0.74,0.793,0.0397681467631929
"GLTPD2",2.1306229277723e-06,-0.430327975433928,0.978,0.947,0.0398959143225363
"FGL1",2.17123405307932e-06,-0.465940777682301,0.816,0.668,0.0406563576439103
"DNAH8",2.17742822650887e-06,-0.40016653388923,0.807,0.926,0.0407723435413786
"ALDH1A2",2.21495126369012e-06,-0.449239560352288,0.999,0.981,0.0414749624125975
"LINC01509",2.22284636177211e-06,-0.312191285487057,0.536,0.599,0.0416227981241827
"ZIM3",2.23473967443796e-06,-1.30317707668303,0.301,0.422,0.0418455004038508
"CLDN1",2.24031077659244e-06,-1.65121886799615,0.514,0.578,0.0419498192916934
"AC062021.1",2.33791489385642e-06,-0.447111098594126,0.344,0.475,0.0437774563874614
"WDR78",2.41721017749448e-06,0.493032429690077,0.553,0.494,0.0452622605735841
"FGF18",2.46916739193247e-06,-0.610350806767809,0.25,0.324,0.0462351594139356
"HCG22",2.5590587495347e-06,-0.519542307741027,0.454,0.509,0.0479183750850373
"IL12B",2.58361617994117e-06,-0.459097619808459,0.514,0.371,0.0483782129693984
"LINC00211",2.63248089717182e-06,-0.669240894937671,0.113,0.262,0.0492932047995423
