"category","term","number_of_genes","number_of_genes_in_background","ncbiTaxonId","inputGenes","preferredNames","p_value","fdr","description"
"RCTM","HSA-446203",34,304,9606,"9606.ENSP00000217131,9606.ENSP00000228506,9606.ENSP00000237530,9606.ENSP00000239891,9606.ENSP00000251047,9606.ENSP00000256497,9606.ENSP00000258739,9606.ENSP00000260643,9606.ENSP00000264904,9606.ENSP00000271469,9606.ENSP00000280551,9606.ENSP00000296255,9606.ENSP00000303366,9606.ENSP00000306010,9606.ENSP00000309092,9606.ENSP00000310696,9606.ENSP00000330945,9606.ENSP00000337053,9606.ENSP00000350949,9606.ENSP00000351669,9606.ENSP00000357453,9606.ENSP00000359224,9606.ENSP00000363616,9606.ENSP00000364782,9606.ENSP00000366395,9606.ENSP00000370194,9606.ENSP00000376472,9606.ENSP00000381823,9606.ENSP00000385432,9606.ENSP00000386597,9606.ENSP00000399457,9606.ENSP00000417764,9606.ENSP00000478771,9606.ENSP00000480428","CTSZ,MLEC,RPN2,ALG5,LMAN1,EDEM1,KDELR2,PREB,USO1,UAP1,SEC24D,RPN1,LMAN2,ARF4,GMPPB,B4GALT2,TMED9,SEL1L,GMPPA,MANEA,MAN1A1,ALG14,EDEM2,NEU1,SYVN1,GMDS,STT3A,SEC24A,SAR1B,DPAGT1,DDOST,ALG2,UBB,B4GALT3",3.62e-15,8.26e-12,"Asparagine N-linked glycosylation"
"RCTM","HSA-381038",13,48,9606,"9606.ENSP00000216037,9606.ENSP00000222803,9606.ENSP00000226760,9606.ENSP00000256497,9606.ENSP00000260643,9606.ENSP00000262947,9606.ENSP00000323313,9606.ENSP00000366395,9606.ENSP00000385385,9606.ENSP00000414398,9606.ENSP00000418401,9606.ENSP00000438689,9606.ENSP00000480150","XBP1,FKBP14,WFS1,EDEM1,PREB,MYDGF,PDIA5,SYVN1,PDIA6,DNAJB11,SRPRB,ACADVL,HYOU1",1.21e-10,1.38e-07,"XBP1(S) activates chaperone genes"
"RCTM","HSA-381119",15,92,9606,"9606.ENSP00000216037,9606.ENSP00000222803,9606.ENSP00000226760,9606.ENSP00000256497,9606.ENSP00000260643,9606.ENSP00000262947,9606.ENSP00000299767,9606.ENSP00000323313,9606.ENSP00000342136,9606.ENSP00000366395,9606.ENSP00000385385,9606.ENSP00000414398,9606.ENSP00000418401,9606.ENSP00000438689,9606.ENSP00000480150","XBP1,FKBP14,WFS1,EDEM1,PREB,MYDGF,HSP90B1,PDIA5,CREB3,SYVN1,PDIA6,DNAJB11,SRPRB,ACADVL,HYOU1",2.23e-09,1.27e-06,"Unfolded Protein Response (UPR)"
"RCTM","HSA-392499",72,1917,9606,"9606.ENSP00000210187,9606.ENSP00000216124,9606.ENSP00000217131,9606.ENSP00000226760,9606.ENSP00000228506,9606.ENSP00000230036,9606.ENSP00000237530,9606.ENSP00000239891,9606.ENSP00000243253,9606.ENSP00000245907,9606.ENSP00000251047,9606.ENSP00000256497,9606.ENSP00000258739,9606.ENSP00000260643,9606.ENSP00000261772,9606.ENSP00000262027,9606.ENSP00000262213,9606.ENSP00000264904,9606.ENSP00000269593,9606.ENSP00000271469,9606.ENSP00000280551,9606.ENSP00000284440,9606.ENSP00000296255,9606.ENSP00000299767,9606.ENSP00000301420,9606.ENSP00000302413,9606.ENSP00000303366,9606.ENSP00000304364,9606.ENSP00000304501,9606.ENSP00000306010,9606.ENSP00000308024,9606.ENSP00000309092,9606.ENSP00000309163,9606.ENSP00000310696,9606.ENSP00000314500,9606.ENSP00000327801,9606.ENSP00000330945,9606.ENSP00000337053,9606.ENSP00000347495,9606.ENSP00000350949,9606.ENSP00000351669,9606.ENSP00000357453,9606.ENSP00000359224,9606.ENSP00000360992,9606.ENSP00000363616,9606.ENSP00000363973,9606.ENSP00000364782,9606.ENSP00000366395,9606.ENSP00000370194,9606.ENSP00000376472,9606.ENSP00000376637,9606.ENSP00000379383,9606.ENSP00000380178,9606.ENSP00000381823,9606.ENSP00000385385,9606.ENSP00000385432,9606.ENSP00000386597,9606.ENSP00000399457,9606.ENSP00000405330,9606.ENSP00000417764,9606.ENSP00000418401,9606.ENSP00000420641,9606.ENSP00000427463,9606.ENSP00000435189,9606.ENSP00000438248,9606.ENSP00000441000,9606.ENSP00000441929,9606.ENSP00000468633,9606.ENSP00000478771,9606.ENSP00000480428,9606.ENSP00000492024,9606.ENSP00000497691","RAB26,ARSA,CTSZ,WFS1,MLEC,GPLD1,RPN2,ALG5,SEC61A1,C3,LMAN1,EDEM1,KDELR2,PREB,AARS1,MARS1,TRAM1,USO1,IGFBP4,UAP1,SEC24D,UCHL1,RPN1,HSP90B1,KLK1,TPST1,LMAN2,C1GALT1C1,ADORA2B,ARF4,PCSK1,GMPPB,RCE1,B4GALT2,GALNT14,P4HB,TMED9,SEL1L,WARS1,GMPPA,MANEA,MAN1A1,ALG14,STAMBPL1,EDEM2,ALPL,NEU1,SYVN1,GMDS,STT3A,IGF1,ENAM,UBE2G1,SEC24A,PDIA6,SAR1B,DPAGT1,DDOST,ESR1,ALG2,SRPRB,SSR3,SPCS3,RAB30,CALU,VARS2,MUC12,SEC11C,UBB,B4GALT3,PAX6,APLP2",1.18e-07,5.38e-05,"Metabolism of proteins"
"RCTM","HSA-597592",57,1405,9606,"9606.ENSP00000210187,9606.ENSP00000216124,9606.ENSP00000217131,9606.ENSP00000226760,9606.ENSP00000228506,9606.ENSP00000230036,9606.ENSP00000237530,9606.ENSP00000239891,9606.ENSP00000245907,9606.ENSP00000251047,9606.ENSP00000256497,9606.ENSP00000258739,9606.ENSP00000260643,9606.ENSP00000264904,9606.ENSP00000269593,9606.ENSP00000271469,9606.ENSP00000280551,9606.ENSP00000284440,9606.ENSP00000296255,9606.ENSP00000299767,9606.ENSP00000302413,9606.ENSP00000303366,9606.ENSP00000304364,9606.ENSP00000306010,9606.ENSP00000309092,9606.ENSP00000309163,9606.ENSP00000310696,9606.ENSP00000314500,9606.ENSP00000327801,9606.ENSP00000330945,9606.ENSP00000337053,9606.ENSP00000350949,9606.ENSP00000351669,9606.ENSP00000357453,9606.ENSP00000359224,9606.ENSP00000360992,9606.ENSP00000363616,9606.ENSP00000363973,9606.ENSP00000364782,9606.ENSP00000366395,9606.ENSP00000370194,9606.ENSP00000376472,9606.ENSP00000379383,9606.ENSP00000380178,9606.ENSP00000381823,9606.ENSP00000385385,9606.ENSP00000385432,9606.ENSP00000386597,9606.ENSP00000399457,9606.ENSP00000405330,9606.ENSP00000417764,9606.ENSP00000435189,9606.ENSP00000438248,9606.ENSP00000441929,9606.ENSP00000478771,9606.ENSP00000480428,9606.ENSP00000497691","RAB26,ARSA,CTSZ,WFS1,MLEC,GPLD1,RPN2,ALG5,C3,LMAN1,EDEM1,KDELR2,PREB,USO1,IGFBP4,UAP1,SEC24D,UCHL1,RPN1,HSP90B1,TPST1,LMAN2,C1GALT1C1,ARF4,GMPPB,RCE1,B4GALT2,GALNT14,P4HB,TMED9,SEL1L,GMPPA,MANEA,MAN1A1,ALG14,STAMBPL1,EDEM2,ALPL,NEU1,SYVN1,GMDS,STT3A,ENAM,UBE2G1,SEC24A,PDIA6,SAR1B,DPAGT1,DDOST,ESR1,ALG2,RAB30,CALU,MUC12,UBB,B4GALT3,APLP2",2.93e-07,0.00011,"Post-translational protein modification"
"RCTM","HSA-948021",15,185,9606,"9606.ENSP00000217131,9606.ENSP00000251047,9606.ENSP00000258739,9606.ENSP00000260643,9606.ENSP00000264904,9606.ENSP00000280551,9606.ENSP00000303366,9606.ENSP00000306010,9606.ENSP00000310696,9606.ENSP00000330945,9606.ENSP00000351669,9606.ENSP00000357453,9606.ENSP00000381823,9606.ENSP00000385432,9606.ENSP00000480428","CTSZ,LMAN1,KDELR2,PREB,USO1,SEC24D,LMAN2,ARF4,B4GALT2,TMED9,MANEA,MAN1A1,SEC24A,SAR1B,B4GALT3",8.5e-06,0.0028,"Transport to the Golgi and subsequent modification"
"RCTM","HSA-5694530",7,33,9606,"9606.ENSP00000217131,9606.ENSP00000251047,9606.ENSP00000260643,9606.ENSP00000280551,9606.ENSP00000303366,9606.ENSP00000381823,9606.ENSP00000385432","CTSZ,LMAN1,PREB,SEC24D,LMAN2,SEC24A,SAR1B",1.02e-05,0.0029,"Cargo concentration in the ER"
"RCTM","HSA-446193",9,78,9606,"9606.ENSP00000239891,9606.ENSP00000271469,9606.ENSP00000309092,9606.ENSP00000350949,9606.ENSP00000359224,9606.ENSP00000364782,9606.ENSP00000370194,9606.ENSP00000386597,9606.ENSP00000417764","ALG5,UAP1,GMPPB,GMPPA,ALG14,NEU1,GMDS,DPAGT1,ALG2",4.64e-05,0.0118,"Biosynthesis of the N-glycan precursor (dolichol lipid-linked oligosaccharide, LLO) and transfer to a nascent protein"
"RCTM","HSA-381426",11,124,9606,"9606.ENSP00000226760,9606.ENSP00000245907,9606.ENSP00000269593,9606.ENSP00000299767,9606.ENSP00000301420,9606.ENSP00000327801,9606.ENSP00000376637,9606.ENSP00000379383,9606.ENSP00000385385,9606.ENSP00000438248,9606.ENSP00000497691","WFS1,C3,IGFBP4,HSP90B1,KLK1,P4HB,IGF1,ENAM,PDIA6,CALU,APLP2",6.38e-05,0.0146,"Regulation of Insulin-like Growth Factor (IGF) transport and uptake by Insulin-like Growth Factor Binding Proteins (IGFBPs)"
"RCTM","HSA-204005",8,68,9606,"9606.ENSP00000217131,9606.ENSP00000251047,9606.ENSP00000260643,9606.ENSP00000264904,9606.ENSP00000280551,9606.ENSP00000303366,9606.ENSP00000381823,9606.ENSP00000385432","CTSZ,LMAN1,PREB,USO1,SEC24D,LMAN2,SEC24A,SAR1B",0.00011,0.0224,"COPII-mediated vesicle transport"
"RCTM","HSA-532668",6,35,9606,"9606.ENSP00000228506,9606.ENSP00000256497,9606.ENSP00000337053,9606.ENSP00000363616,9606.ENSP00000366395,9606.ENSP00000478771","MLEC,EDEM1,SEL1L,EDEM2,SYVN1,UBB",0.00013,0.0235,"N-glycan trimming in the ER and Calnexin/Calreticulin cycle"
"RCTM","HSA-901032",5,21,9606,"9606.ENSP00000256497,9606.ENSP00000337053,9606.ENSP00000363616,9606.ENSP00000366395,9606.ENSP00000478771","EDEM1,SEL1L,EDEM2,SYVN1,UBB",0.00012,0.0235,"ER Quality Control Compartment (ERQC)"
"RCTM","HSA-400511",4,12,9606,"9606.ENSP00000308024,9606.ENSP00000427463,9606.ENSP00000468633,9606.ENSP00000492024","PCSK1,SPCS3,SEC11C,PAX6",0.00021,0.0338,"Synthesis, secretion, and inactivation of Glucose-dependent Insulinotropic Polypeptide (GIP)"
