,shared name,network_count
0,9606.ENSP00000262120,1
1,9606.ENSP00000380666,1
2,9606.ENSP00000310015,1
3,9606.ENSP00000404251,2
4,9606.ENSP00000356481,1
5,9606.ENSP00000399136,1
6,9606.ENSP00000460236,1
7,9606.ENSP00000380401,1
8,9606.ENSP00000313309,2
9,9606.ENSP00000490925,1
10,9606.ENSP00000407726,1
11,9606.ENSP00000473469,1
12,9606.ENSP00000498888,1
13,9606.ENSP00000296370,1
14,9606.ENSP00000262109,1
15,9606.ENSP00000334153,1
16,9606.ENSP00000282296,1
17,9606.ENSP00000404232,1
18,9606.ENSP00000386277,1
19,9606.ENSP00000436455,2
20,9606.ENSP00000311984,1
21,9606.ENSP00000370224,2
22,9606.ENSP00000268616,1
23,9606.ENSP00000355304,1
24,9606.ENSP00000257604,2
25,9606.ENSP00000309570,1
26,9606.ENSP00000334872,1
27,9606.ENSP00000356404,1
28,9606.ENSP00000221315,1
29,9606.ENSP00000322775,2
30,9606.ENSP00000361980,2
31,9606.ENSP00000361866,1
32,9606.ENSP00000358955,1
33,9606.ENSP00000428878,1
34,9606.ENSP00000334785,1
35,9606.ENSP00000396935,1
36,9606.ENSP00000370419,1
37,9606.ENSP00000303928,1
38,9606.ENSP00000378248,2
39,9606.ENSP00000498702,1
40,9606.ENSP00000369099,1
41,9606.ENSP00000327009,1
42,9606.ENSP00000289269,1
43,9606.ENSP00000487041,2
44,9606.ENSP00000228811,2
45,9606.ENSP00000246229,1
46,9606.ENSP00000270310,1
47,9606.ENSP00000269221,1
48,9606.ENSP00000298299,1
49,9606.ENSP00000349291,2
50,9606.ENSP00000417192,1
51,9606.ENSP00000237822,1
52,9606.ENSP00000419378,2
53,9606.ENSP00000294889,1
54,9606.ENSP00000282605,1
55,9606.ENSP00000357922,2
56,9606.ENSP00000292579,1
57,9606.ENSP00000263095,1
58,9606.ENSP00000322730,2
59,9606.ENSP00000421258,1
60,9606.ENSP00000222574,1
61,9606.ENSP00000354671,1
62,9606.ENSP00000382104,1
63,9606.ENSP00000340279,1
64,9606.ENSP00000378996,1
65,9606.ENSP00000388550,1
66,9606.ENSP00000398106,1
67,9606.ENSP00000347486,1
68,9606.ENSP00000412708,1
69,9606.ENSP00000246070,1
70,9606.ENSP00000409318,1
71,9606.ENSP00000262424,1
72,9606.ENSP00000375593,1
73,9606.ENSP00000465432,1
74,9606.ENSP00000376421,2
75,9606.ENSP00000351642,1
76,9606.ENSP00000242804,1
77,9606.ENSP00000275730,2
78,9606.ENSP00000465578,1
79,9606.ENSP00000350574,1
80,9606.ENSP00000257013,1
81,9606.ENSP00000498132,1
82,9606.ENSP00000293261,1
83,9606.ENSP00000359198,1
84,9606.ENSP00000360184,2
85,9606.ENSP00000296529,2
86,9606.ENSP00000386543,2
87,9606.ENSP00000339692,1
88,9606.ENSP00000347195,1
89,9606.ENSP00000475068,1
90,9606.ENSP00000470123,1
91,9606.ENSP00000441410,1
92,9606.ENSP00000472808,1
93,9606.ENSP00000496241,1
94,9606.ENSP00000427123,1
95,9606.ENSP00000421965,1
96,9606.ENSP00000398798,1
97,9606.ENSP00000391209,1
98,9606.ENSP00000500193,1
99,9606.ENSP00000389630,1
100,9606.ENSP00000490116,1
101,9606.ENSP00000374183,1
102,9606.ENSP00000410689,1
103,9606.ENSP00000370214,1
104,9606.ENSP00000368589,1
105,9606.ENSP00000368314,1
106,9606.ENSP00000479669,1
107,9606.ENSP00000377195,1
108,9606.ENSP00000472249,1
109,9606.ENSP00000375618,2
110,9606.ENSP00000404658,1
111,9606.ENSP00000442688,1
112,9606.ENSP00000362639,1
113,9606.ENSP00000361636,1
114,9606.ENSP00000376652,1
115,9606.ENSP00000478396,1
116,9606.ENSP00000437738,1
117,9606.ENSP00000416523,1
118,9606.ENSP00000359045,1
119,9606.ENSP00000483276,1
120,9606.ENSP00000469880,1
121,9606.ENSP00000449535,1
122,9606.ENSP00000357751,1
123,9606.ENSP00000435150,1
124,9606.ENSP00000356988,1
125,9606.ENSP00000356864,1
126,9606.ENSP00000356211,1
127,9606.ENSP00000356130,1
128,9606.ENSP00000354960,1
129,9606.ENSP00000482732,1
130,9606.ENSP00000353010,1
131,9606.ENSP00000350198,2
132,9606.ENSP00000394049,1
133,9606.ENSP00000496494,1
134,9606.ENSP00000348821,1
135,9606.ENSP00000405812,1
136,9606.ENSP00000348668,1
137,9606.ENSP00000363162,1
138,9606.ENSP00000344989,1
139,9606.ENSP00000373354,1
140,9606.ENSP00000493560,1
141,9606.ENSP00000478104,2
142,9606.ENSP00000414147,1
143,9606.ENSP00000370150,1
144,9606.ENSP00000367346,1
145,9606.ENSP00000365744,1
146,9606.ENSP00000333926,1
147,9606.ENSP00000351937,1
148,9606.ENSP00000379612,2
149,9606.ENSP00000442308,1
150,9606.ENSP00000368698,1
151,9606.ENSP00000465757,1
152,9606.ENSP00000327255,2
153,9606.ENSP00000379047,1
154,9606.ENSP00000361231,1
155,9606.ENSP00000411073,1
156,9606.ENSP00000401115,1
157,9606.ENSP00000360552,2
158,9606.ENSP00000320688,1
159,9606.ENSP00000320291,1
160,9606.ENSP00000319255,1
161,9606.ENSP00000311778,1
162,9606.ENSP00000368716,1
163,9606.ENSP00000379601,1
164,9606.ENSP00000308937,1
165,9606.ENSP00000384169,1
166,9606.ENSP00000389787,1
167,9606.ENSP00000355486,1
168,9606.ENSP00000456019,1
169,9606.ENSP00000326052,1
170,9606.ENSP00000307774,1
171,9606.ENSP00000379802,2
172,9606.ENSP00000307604,1
173,9606.ENSP00000354468,2
174,9606.ENSP00000385347,2
175,9606.ENSP00000306275,1
176,9606.ENSP00000305675,1
177,9606.ENSP00000363616,2
178,9606.ENSP00000305595,1
179,9606.ENSP00000304689,1
180,9606.ENSP00000488024,1
181,9606.ENSP00000338814,1
182,9606.ENSP00000363753,1
183,9606.ENSP00000386385,1
184,9606.ENSP00000303511,1
185,9606.ENSP00000302586,1
186,9606.ENSP00000339850,1
187,9606.ENSP00000302562,1
188,9606.ENSP00000318154,1
189,9606.ENSP00000301488,1
190,9606.ENSP00000347193,1
191,9606.ENSP00000300976,1
192,9606.ENSP00000299492,1
193,9606.ENSP00000480056,1
194,9606.ENSP00000310933,1
195,9606.ENSP00000419411,2
196,9606.ENSP00000296137,1
197,9606.ENSP00000356574,1
198,9606.ENSP00000433102,1
199,9606.ENSP00000294785,1
200,9606.ENSP00000344782,1
201,9606.ENSP00000444198,2
202,9606.ENSP00000294338,2
203,9606.ENSP00000291568,1
204,9606.ENSP00000299299,1
205,9606.ENSP00000376132,2
206,9606.ENSP00000497070,1
207,9606.ENSP00000290246,1
208,9606.ENSP00000457625,2
209,9606.ENSP00000289805,1
210,9606.ENSP00000285670,3
211,9606.ENSP00000370194,2
212,9606.ENSP00000387146,1
213,9606.ENSP00000480476,1
214,9606.ENSP00000368119,1
215,9606.ENSP00000277746,1
216,9606.ENSP00000494277,1
217,9606.ENSP00000465356,2
218,9606.ENSP00000417138,3
219,9606.ENSP00000321260,1
220,9606.ENSP00000319141,2
221,9606.ENSP00000272371,1
222,9606.ENSP00000477602,1
223,9606.ENSP00000378105,1
224,9606.ENSP00000271688,1
225,9606.ENSP00000318822,2
226,9606.ENSP00000349929,1
227,9606.ENSP00000416799,1
228,9606.ENSP00000499251,1
229,9606.ENSP00000417175,1
230,9606.ENSP00000376268,3
231,9606.ENSP00000416583,1
232,9606.ENSP00000369075,2
233,9606.ENSP00000377176,1
234,9606.ENSP00000265602,1
235,9606.ENSP00000317224,1
236,9606.ENSP00000477725,2
237,9606.ENSP00000345656,1
238,9606.ENSP00000402301,1
239,9606.ENSP00000379847,1
240,9606.ENSP00000377797,1
241,9606.ENSP00000379174,1
242,9606.ENSP00000316881,1
243,9606.ENSP00000360882,3
244,9606.ENSP00000323696,1
245,9606.ENSP00000359497,1
246,9606.ENSP00000375881,2
247,9606.ENSP00000370078,1
248,9606.ENSP00000306772,1
249,9606.ENSP00000399457,2
250,9606.ENSP00000262947,2
251,9606.ENSP00000301280,1
252,9606.ENSP00000298048,1
253,9606.ENSP00000305892,1
254,9606.ENSP00000449026,3
255,9606.ENSP00000328023,1
256,9606.ENSP00000326128,2
257,9606.ENSP00000341213,1
258,9606.ENSP00000307199,1
259,9606.ENSP00000494708,1
260,9606.ENSP00000262418,1
261,9606.ENSP00000414516,1
262,9606.ENSP00000487365,1
263,9606.ENSP00000378324,1
264,9606.ENSP00000356984,1
265,9606.ENSP00000262031,1
266,9606.ENSP00000274140,1
267,9606.ENSP00000261942,2
268,9606.ENSP00000337675,1
269,9606.ENSP00000380998,1
270,9606.ENSP00000383866,2
271,9606.ENSP00000370736,1
272,9606.ENSP00000261789,1
273,9606.ENSP00000451974,1
274,9606.ENSP00000498881,1
275,9606.ENSP00000361310,1
276,9606.ENSP00000263681,1
277,9606.ENSP00000339404,1
278,9606.ENSP00000434516,1
279,9606.ENSP00000377303,1
280,9606.ENSP00000261416,1
281,9606.ENSP00000296679,1
282,9606.ENSP00000354916,2
283,9606.ENSP00000259698,1
284,9606.ENSP00000327191,1
285,9606.ENSP00000478561,1
286,9606.ENSP00000258415,2
287,9606.ENSP00000258201,1
288,9606.ENSP00000401010,1
289,9606.ENSP00000313869,1
290,9606.ENSP00000323580,1
291,9606.ENSP00000438886,1
292,9606.ENSP00000390158,1
293,9606.ENSP00000439120,1
294,9606.ENSP00000257915,1
295,9606.ENSP00000264908,1
296,9606.ENSP00000257836,1
297,9606.ENSP00000430656,1
298,9606.ENSP00000314709,1
299,9606.ENSP00000497423,2
300,9606.ENSP00000417402,1
301,9606.ENSP00000286364,1
302,9606.ENSP00000358867,1
303,9606.ENSP00000361264,2
304,9606.ENSP00000368959,1
305,9606.ENSP00000358458,1
306,9606.ENSP00000498610,1
307,9606.ENSP00000365255,1
308,9606.ENSP00000261407,1
309,9606.ENSP00000472546,1
310,9606.ENSP00000359380,1
311,9606.ENSP00000367797,1
312,9606.ENSP00000496168,2
313,9606.ENSP00000349156,1
314,9606.ENSP00000316948,1
315,9606.ENSP00000348010,1
316,9606.ENSP00000253247,1
317,9606.ENSP00000347626,1
318,9606.ENSP00000461784,1
319,9606.ENSP00000305810,1
320,9606.ENSP00000258198,1
321,9606.ENSP00000398789,1
322,9606.ENSP00000251775,1
323,9606.ENSP00000409666,1
324,9606.ENSP00000501135,1
325,9606.ENSP00000383044,1
326,9606.ENSP00000445622,1
327,9606.ENSP00000384474,1
328,9606.ENSP00000350331,2
329,9606.ENSP00000263966,2
330,9606.ENSP00000383199,1
331,9606.ENSP00000340648,2
332,9606.ENSP00000373918,1
333,9606.ENSP00000265339,1
334,9606.ENSP00000343526,1
335,9606.ENSP00000308117,2
336,9606.ENSP00000328182,1
337,9606.ENSP00000362058,1
338,9606.ENSP00000249442,1
339,9606.ENSP00000306372,1
340,9606.ENSP00000349359,1
341,9606.ENSP00000365261,1
342,9606.ENSP00000367691,1
343,9606.ENSP00000283882,1
344,9606.ENSP00000312244,2
345,9606.ENSP00000321703,2
346,9606.ENSP00000479494,1
347,9606.ENSP00000258772,1
348,9606.ENSP00000424827,1
349,9606.ENSP00000377027,1
350,9606.ENSP00000479153,2
351,9606.ENSP00000244040,1
352,9606.ENSP00000343428,2
353,9606.ENSP00000414558,1
354,9606.ENSP00000290349,2
355,9606.ENSP00000243167,1
356,9606.ENSP00000367064,1
357,9606.ENSP00000358857,2
358,9606.ENSP00000242729,1
359,9606.ENSP00000256433,1
360,9606.ENSP00000242462,1
361,9606.ENSP00000450799,1
362,9606.ENSP00000371419,1
363,9606.ENSP00000431512,1
364,9606.ENSP00000316109,1
365,9606.ENSP00000246802,1
366,9606.ENSP00000337122,1
367,9606.ENSP00000247881,1
368,9606.ENSP00000240619,1
369,9606.ENSP00000294339,3
370,9606.ENSP00000288943,2
371,9606.ENSP00000377721,2
372,9606.ENSP00000270162,1
373,9606.ENSP00000239151,2
374,9606.ENSP00000234739,1
375,9606.ENSP00000301464,3
376,9606.ENSP00000365312,1
377,9606.ENSP00000386741,1
378,9606.ENSP00000381097,1
379,9606.ENSP00000275815,1
380,9606.ENSP00000250617,2
381,9606.ENSP00000346300,1
382,9606.ENSP00000422591,1
383,9606.ENSP00000341524,1
384,9606.ENSP00000233154,1
385,9606.ENSP00000356919,1
386,9606.ENSP00000354822,1
387,9606.ENSP00000428572,1
388,9606.ENSP00000340329,1
389,9606.ENSP00000330875,1
390,9606.ENSP00000344223,1
391,9606.ENSP00000385021,1
392,9606.ENSP00000323047,1
393,9606.ENSP00000266022,1
394,9606.ENSP00000308430,1
395,9606.ENSP00000232375,1
396,9606.ENSP00000352928,1
397,9606.ENSP00000318486,1
398,9606.ENSP00000262428,1
399,9606.ENSP00000228740,1
400,9606.ENSP00000399585,1
401,9606.ENSP00000301015,1
402,9606.ENSP00000227638,1
403,9606.ENSP00000262662,1
404,9606.ENSP00000410561,1
405,9606.ENSP00000431926,1
406,9606.ENSP00000497402,1
407,9606.ENSP00000323967,1
408,9606.ENSP00000381382,1
409,9606.ENSP00000423665,1
410,9606.ENSP00000261211,1
411,9606.ENSP00000406162,1
412,9606.ENSP00000262932,1
413,9606.ENSP00000227471,1
414,9606.ENSP00000498589,1
415,9606.ENSP00000256398,1
416,9606.ENSP00000227322,1
417,9606.ENSP00000261892,1
418,9606.ENSP00000467141,2
419,9606.ENSP00000226193,1
420,9606.ENSP00000264914,1
421,9606.ENSP00000249806,1
422,9606.ENSP00000225927,1
423,9606.ENSP00000356399,1
424,9606.ENSP00000363804,1
425,9606.ENSP00000274793,2
426,9606.ENSP00000366007,1
427,9606.ENSP00000476228,1
428,9606.ENSP00000303584,2
429,9606.ENSP00000367890,1
430,9606.ENSP00000339524,1
431,9606.ENSP00000222219,2
432,9606.ENSP00000254657,1
433,9606.ENSP00000446872,1
434,9606.ENSP00000222122,1
435,9606.ENSP00000221804,1
436,9606.ENSP00000417963,1
437,9606.ENSP00000325074,1
438,9606.ENSP00000263918,1
439,9606.ENSP00000418081,1
440,9606.ENSP00000323901,2
441,9606.ENSP00000401946,1
442,9606.ENSP00000317691,1
443,9606.ENSP00000242351,2
444,9606.ENSP00000363868,2
445,9606.ENSP00000305556,1
446,9606.ENSP00000414517,1
447,9606.ENSP00000384625,1
448,9606.ENSP00000263556,2
449,9606.ENSP00000376475,1
450,9606.ENSP00000357801,1
451,9606.ENSP00000416255,1
452,9606.ENSP00000471191,1
453,9606.ENSP00000336687,1
454,9606.ENSP00000297991,1
455,9606.ENSP00000219919,2
456,9606.ENSP00000357869,1
457,9606.ENSP00000497527,1
458,9606.ENSP00000255389,1
459,9606.ENSP00000310094,1
460,9606.ENSP00000382071,1
461,9606.ENSP00000361625,1
462,9606.ENSP00000283415,1
463,9606.ENSP00000307674,1
464,9606.ENSP00000342889,1
465,9606.ENSP00000263974,1
466,9606.ENSP00000399982,2
467,9606.ENSP00000440100,1
468,9606.ENSP00000357047,1
469,9606.ENSP00000293860,1
470,9606.ENSP00000352069,1
471,9606.ENSP00000474096,1
472,9606.ENSP00000264157,1
473,9606.ENSP00000247843,1
474,9606.ENSP00000220592,1
475,9606.ENSP00000384109,1
476,9606.ENSP00000310842,1
477,9606.ENSP00000364691,1
478,9606.ENSP00000298717,1
479,9606.ENSP00000417142,1
480,9606.ENSP00000351141,1
481,9606.ENSP00000497569,1
482,9606.ENSP00000332887,1
483,9606.ENSP00000219207,1
484,9606.ENSP00000297338,1
485,9606.ENSP00000379658,1
486,9606.ENSP00000267415,1
487,9606.ENSP00000386593,1
488,9606.ENSP00000400142,1
489,9606.ENSP00000341743,1
490,9606.ENSP00000353401,1
491,9606.ENSP00000331602,1
492,9606.ENSP00000218089,1
493,9606.ENSP00000321449,1
494,9606.ENSP00000363787,1
495,9606.ENSP00000483667,1
496,9606.ENSP00000307183,1
497,9606.ENSP00000429931,1
498,9606.ENSP00000295926,1
499,9606.ENSP00000406549,1
500,9606.ENSP00000336666,1
501,9606.ENSP00000417686,1
502,9606.ENSP00000221138,1
503,9606.ENSP00000305918,1
504,9606.ENSP00000345702,1
505,9606.ENSP00000259467,1
506,9606.ENSP00000359988,1
507,9606.ENSP00000276201,1
508,9606.ENSP00000377262,1
509,9606.ENSP00000232978,1
510,9606.ENSP00000378505,1
511,9606.ENSP00000357679,1
512,9606.ENSP00000216832,1
513,9606.ENSP00000217244,1
514,9606.ENSP00000262506,1
515,9606.ENSP00000484552,1
516,9606.ENSP00000435412,1
517,9606.ENSP00000408695,1
518,9606.ENSP00000341268,2
519,9606.ENSP00000307305,1
520,9606.ENSP00000239938,2
521,9606.ENSP00000400906,1
522,9606.ENSP00000431984,1
523,9606.ENSP00000258149,1
524,9606.ENSP00000258443,1
525,9606.ENSP00000299824,1
526,9606.ENSP00000444810,1
527,9606.ENSP00000420037,1
528,9606.ENSP00000363260,1
529,9606.ENSP00000219789,1
530,9606.ENSP00000216452,1
531,9606.ENSP00000296677,1
532,9606.ENSP00000370473,1
533,9606.ENSP00000271651,1
534,9606.ENSP00000267845,1
535,9606.ENSP00000426455,1
536,9606.ENSP00000277865,2
537,9606.ENSP00000263035,1
538,9606.ENSP00000416338,1
539,9606.ENSP00000449089,3
540,9606.ENSP00000378364,1
541,9606.ENSP00000307900,2
542,9606.ENSP00000376352,1
543,9606.ENSP00000370517,1
544,9606.ENSP00000262375,1
545,9606.ENSP00000267436,1
546,9606.ENSP00000358719,2
547,9606.ENSP00000273550,1
548,9606.ENSP00000324173,2
549,9606.ENSP00000498336,1
550,9606.ENSP00000324101,2
551,9606.ENSP00000216211,1
552,9606.ENSP00000257245,1
553,9606.ENSP00000254616,1
554,9606.ENSP00000493232,1
555,9606.ENSP00000215570,1
556,9606.ENSP00000479266,1
557,9606.ENSP00000270861,1
558,9606.ENSP00000324804,1
559,9606.ENSP00000380308,1
560,9606.ENSP00000264335,1
561,9606.ENSP00000206474,1
562,9606.ENSP00000198536,1
563,9606.ENSP00000497587,1
564,9606.ENSP00000370023,1
565,9606.ENSP00000494360,1
566,9606.ENSP00000318351,1
567,9606.ENSP00000380718,1
568,9606.ENSP00000196371,1
569,9606.ENSP00000251241,1
570,9606.ENSP00000184956,1
571,9606.ENSP00000346335,1
572,9606.ENSP00000170564,1
573,9606.ENSP00000238788,2
574,9606.ENSP00000246024,1
575,9606.ENSP00000162044,1
576,9606.ENSP00000248901,2
577,9606.ENSP00000342278,1
578,9606.ENSP00000289316,1
579,9606.ENSP00000325863,1
580,9606.ENSP00000303373,2
581,9606.ENSP00000159111,1
582,9606.ENSP00000270142,1
583,9606.ENSP00000384211,1
584,9606.ENSP00000314004,1
585,9606.ENSP00000342105,1
586,9606.ENSP00000228872,1
587,9606.ENSP00000234310,2
588,9606.ENSP00000378350,1
589,9606.ENSP00000357297,1
590,9606.ENSP00000256474,1
591,9606.ENSP00000262643,2
592,9606.ENSP00000262633,1
593,9606.ENSP00000360262,1
594,9606.ENSP00000351908,1
595,9606.ENSP00000157812,1
596,9606.ENSP00000262415,1
597,9606.ENSP00000236273,1
598,9606.ENSP00000335321,1
599,9606.ENSP00000486725,1
600,9606.ENSP00000226798,1
601,9606.ENSP00000386894,1
602,9606.ENSP00000253363,1
603,9606.ENSP00000396301,1
604,9606.ENSP00000410758,1
605,9606.ENSP00000156471,1
606,9606.ENSP00000303709,1
607,9606.ENSP00000155926,1
608,9606.ENSP00000315397,1
609,9606.ENSP00000389103,3
610,9606.ENSP00000472469,3
611,9606.ENSP00000435096,3
612,9606.ENSP00000369757,3
613,9606.ENSP00000219252,1
614,9606.ENSP00000311430,2
615,9606.ENSP00000338389,1
616,9606.ENSP00000262584,3
617,9606.ENSP00000216254,1
618,9606.ENSP00000389351,2
619,9606.ENSP00000366798,1
620,9606.ENSP00000379506,3
621,9606.ENSP00000364119,1
622,9606.ENSP00000318646,3
623,9606.ENSP00000358140,1
624,9606.ENSP00000222553,1
625,9606.ENSP00000340278,1
626,9606.ENSP00000219302,1
627,9606.ENSP00000457258,1
628,9606.ENSP00000283148,1
629,9606.ENSP00000250495,1
630,9606.ENSP00000261584,1
631,9606.ENSP00000363929,1
632,9606.ENSP00000320309,1
633,9606.ENSP00000053468,1
634,9606.ENSP00000386884,1
635,9606.ENSP00000353099,1
636,9606.ENSP00000359663,1
637,9606.ENSP00000324890,1
638,9606.ENSP00000263341,1
639,9606.ENSP00000359206,1
640,9606.ENSP00000364114,2
641,9606.ENSP00000295756,2
642,9606.ENSP00000369293,1
643,9606.ENSP00000250092,1
644,9606.ENSP00000398655,2
645,9606.ENSP00000341208,1
646,9606.ENSP00000225831,1
647,9606.ENSP00000352071,2
648,9606.ENSP00000433847,1
649,9606.ENSP00000357149,1
650,9606.ENSP00000227507,1
651,9606.ENSP00000494750,1
652,9606.ENSP00000385057,1
653,9606.ENSP00000266551,2
654,9606.ENSP00000495530,1
655,9606.ENSP00000499900,1
656,9606.ENSP00000391592,1
657,9606.ENSP00000477815,1
658,9606.ENSP00000358151,1
659,9606.ENSP00000300589,2
660,9606.ENSP00000305416,2
661,9606.ENSP00000436423,1
662,9606.ENSP00000296028,1
663,9606.ENSP00000223795,1
664,9606.ENSP00000231009,2
665,9606.ENSP00000484824,1
666,9606.ENSP00000216797,1
667,9606.ENSP00000382800,2
668,9606.ENSP00000498587,1
669,9606.ENSP00000256078,1
670,9606.ENSP00000216338,2
671,9606.ENSP00000351273,1
672,9606.ENSP00000447730,1
673,9606.ENSP00000268383,1
674,9606.ENSP00000345195,1
675,9606.ENSP00000427223,1
676,9606.ENSP00000307786,1
677,9606.ENSP00000360609,1
678,9606.ENSP00000254868,2
679,9606.ENSP00000361423,1
680,9606.ENSP00000216336,1
681,9606.ENSP00000363993,1
682,9606.ENSP00000329967,1
683,9606.ENSP00000365891,1
684,9606.ENSP00000262965,1
685,9606.ENSP00000458537,1
686,9606.ENSP00000233057,1
687,9606.ENSP00000257749,2
688,9606.ENSP00000344544,2
689,9606.ENSP00000476815,1
690,9606.ENSP00000305372,1
691,9606.ENSP00000359424,1
692,9606.ENSP00000161559,2
693,9606.ENSP00000497733,1
694,9606.ENSP00000261340,3
695,9606.ENSP00000243077,2
696,9606.ENSP00000431775,2
697,9606.ENSP00000390265,1
698,9606.ENSP00000295408,1
699,9606.ENSP00000215781,1
700,9606.ENSP00000264553,2
701,9606.ENSP00000297689,1
702,9606.ENSP00000400175,1
703,9606.ENSP00000305988,1
704,9606.ENSP00000339634,1
705,9606.ENSP00000364016,1
706,9606.ENSP00000357721,1
707,9606.ENSP00000399518,1
708,9606.ENSP00000307235,1
709,9606.ENSP00000360876,1
710,9606.ENSP00000483713,1
711,9606.ENSP00000332979,1
712,9606.ENSP00000264025,1
713,9606.ENSP00000369286,2
714,9606.ENSP00000254066,1
715,9606.ENSP00000011653,3
716,9606.ENSP00000381631,1
717,9606.ENSP00000332287,1
718,9606.ENSP00000485526,1
719,9606.ENSP00000382976,2
720,9606.ENSP00000439435,1
721,9606.ENSP00000380553,1
722,9606.ENSP00000435299,1
723,9606.ENSP00000359935,1
724,9606.ENSP00000364043,1
725,9606.ENSP00000347324,1
726,9606.ENSP00000445905,2
727,9606.ENSP00000327732,1
728,9606.ENSP00000366690,1
729,9606.ENSP00000345151,1
730,9606.ENSP00000375147,1
731,9606.ENSP00000367770,1
732,9606.ENSP00000426159,1
733,9606.ENSP00000285697,1
734,9606.ENSP00000386280,1
735,9606.ENSP00000490942,1
736,9606.ENSP00000434399,1
737,9606.ENSP00000379176,1
738,9606.ENSP00000381476,1
739,9606.ENSP00000317289,1
740,9606.ENSP00000401023,1
741,9606.ENSP00000269829,1
742,9606.ENSP00000322899,1
743,9606.ENSP00000344424,1
744,9606.ENSP00000288368,1
745,9606.ENSP00000231484,2
746,9606.ENSP00000362707,1
747,9606.ENSP00000380109,1
748,9606.ENSP00000439402,1
749,9606.ENSP00000356437,1
750,9606.ENSP00000380112,1
751,9606.ENSP00000342295,1
752,9606.ENSP00000365198,1
753,9606.ENSP00000459216,2
754,9606.ENSP00000292841,1
755,9606.ENSP00000268719,1
756,9606.ENSP00000380333,1
757,9606.ENSP00000331167,1
758,9606.ENSP00000260505,1
759,9606.ENSP00000463080,2
760,9606.ENSP00000460825,1
761,9606.ENSP00000382390,1
762,9606.ENSP00000444565,1
763,9606.ENSP00000260526,2
764,9606.ENSP00000257359,1
765,9606.ENSP00000478591,1
766,9606.ENSP00000491546,2
767,9606.ENSP00000468782,1
768,9606.ENSP00000339374,1
769,9606.ENSP00000256261,2
770,9606.ENSP00000329565,1
771,9606.ENSP00000383698,1
772,9606.ENSP00000264059,2
773,9606.ENSP00000362760,1
774,9606.ENSP00000331691,1
775,9606.ENSP00000432523,1
776,9606.ENSP00000262764,1
777,9606.ENSP00000361083,2
778,9606.ENSP00000363254,2
779,9606.ENSP00000307954,1
780,9606.ENSP00000432743,1
781,9606.ENSP00000349324,1
782,9606.ENSP00000265806,1
783,9606.ENSP00000414909,2
784,9606.ENSP00000400500,1
785,9606.ENSP00000419126,2
786,9606.ENSP00000375688,1
787,9606.ENSP00000303148,1
788,9606.ENSP00000444533,1
789,9606.ENSP00000324056,1
790,9606.ENSP00000410734,1
791,9606.ENSP00000279178,1
792,9606.ENSP00000429148,1
793,9606.ENSP00000361025,1
794,9606.ENSP00000362116,1
795,9606.ENSP00000362111,1
796,9606.ENSP00000298943,1
797,9606.ENSP00000223145,1
798,9606.ENSP00000374328,2
799,9606.ENSP00000331843,1
800,9606.ENSP00000378119,1
801,9606.ENSP00000403151,1
802,9606.ENSP00000427108,1
803,9606.ENSP00000366387,1
804,9606.ENSP00000413196,1
805,9606.ENSP00000474529,1
806,9606.ENSP00000414287,1
807,9606.ENSP00000356121,1
808,9606.ENSP00000436042,1
809,9606.ENSP00000222800,1
810,9606.ENSP00000404265,1
811,9606.ENSP00000437121,1
812,9606.ENSP00000299709,1
813,9606.ENSP00000473474,1
814,9606.ENSP00000369849,2
815,9606.ENSP00000429553,1
816,9606.ENSP00000456927,1
817,9606.ENSP00000367655,2
818,9606.ENSP00000367888,2
819,9606.ENSP00000341914,1
820,9606.ENSP00000420723,1
821,9606.ENSP00000262450,1
822,9606.ENSP00000367882,1
823,9606.ENSP00000340839,1
824,9606.ENSP00000485230,1
825,9606.ENSP00000301831,1
826,9606.ENSP00000317175,2
827,9606.ENSP00000460539,1
828,9606.ENSP00000265361,1
829,9606.ENSP00000311862,1
830,9606.ENSP00000353491,1
831,9606.ENSP00000457380,1
832,9606.ENSP00000299320,1
833,9606.ENSP00000346729,1
834,9606.ENSP00000265140,2
835,9606.ENSP00000397925,1
836,9606.ENSP00000354597,2
837,9606.ENSP00000299308,1
838,9606.ENSP00000378177,1
839,9606.ENSP00000356780,1
840,9606.ENSP00000358966,1
841,9606.ENSP00000194152,1
842,9606.ENSP00000262290,1
843,9606.ENSP00000346990,1
844,9606.ENSP00000359401,1
845,9606.ENSP00000357409,1
846,9606.ENSP00000322545,1
847,9606.ENSP00000254654,1
848,9606.ENSP00000424015,1
849,9606.ENSP00000491070,1
850,9606.ENSP00000381535,1
851,9606.ENSP00000336729,1
852,9606.ENSP00000274276,1
853,9606.ENSP00000245957,1
854,9606.ENSP00000435373,2
855,9606.ENSP00000492973,1
856,9606.ENSP00000307666,1
857,9606.ENSP00000328335,1
858,9606.ENSP00000344819,1
859,9606.ENSP00000331500,1
860,9606.ENSP00000295910,1
861,9606.ENSP00000432456,1
862,9606.ENSP00000408367,1
863,9606.ENSP00000426613,1
864,9606.ENSP00000320649,1
865,9606.ENSP00000361791,1
866,9606.ENSP00000423567,1
867,9606.ENSP00000493401,2
868,9606.ENSP00000350075,1
869,9606.ENSP00000248706,1
870,9606.ENSP00000407067,1
871,9606.ENSP00000399903,1
872,9606.ENSP00000360441,1
873,9606.ENSP00000472959,1
874,9606.ENSP00000310620,1
875,9606.ENSP00000291182,1
876,9606.ENSP00000315664,1
877,9606.ENSP00000352836,1
878,9606.ENSP00000349677,1
879,9606.ENSP00000386499,1
880,9606.ENSP00000294671,1
881,9606.ENSP00000488668,1
882,9606.ENSP00000349687,1
883,9606.ENSP00000398454,1
884,9606.ENSP00000282026,1
885,9606.ENSP00000275732,1
886,9606.ENSP00000456401,1
887,9606.ENSP00000373153,2
888,9606.ENSP00000463159,1
889,9606.ENSP00000314132,1
890,9606.ENSP00000261778,1
891,9606.ENSP00000399979,1
892,9606.ENSP00000476253,1
893,9606.ENSP00000457962,1
894,9606.ENSP00000348161,1
895,9606.ENSP00000445688,1
896,9606.ENSP00000479104,1
897,9606.ENSP00000442291,1
898,9606.ENSP00000439228,1
899,9606.ENSP00000450524,1
900,9606.ENSP00000473153,1
901,9606.ENSP00000420182,1
902,9606.ENSP00000402460,2
903,9606.ENSP00000465103,1
904,9606.ENSP00000414055,1
905,9606.ENSP00000397435,3
906,9606.ENSP00000499131,1
907,9606.ENSP00000390423,1
908,9606.ENSP00000428316,1
909,9606.ENSP00000410309,2
910,9606.ENSP00000384794,2
911,9606.ENSP00000382330,1
912,9606.ENSP00000434887,1
913,9606.ENSP00000429601,1
914,9606.ENSP00000381605,1
915,9606.ENSP00000380675,1
916,9606.ENSP00000469836,1
917,9606.ENSP00000379387,1
918,9606.ENSP00000379057,1
919,9606.ENSP00000379602,1
920,9606.ENSP00000378464,1
921,9606.ENSP00000472421,2
922,9606.ENSP00000374268,2
923,9606.ENSP00000373827,1
924,9606.ENSP00000380037,1
925,9606.ENSP00000372272,2
926,9606.ENSP00000371397,1
927,9606.ENSP00000369979,1
928,9606.ENSP00000369274,1
929,9606.ENSP00000486901,1
930,9606.ENSP00000368758,2
931,9606.ENSP00000368637,1
932,9606.ENSP00000381876,1
933,9606.ENSP00000365370,1
934,9606.ENSP00000365116,1
935,9606.ENSP00000444211,1
936,9606.ENSP00000363809,2
937,9606.ENSP00000376572,1
938,9606.ENSP00000363530,2
939,9606.ENSP00000498622,1
940,9606.ENSP00000407763,1
941,9606.ENSP00000374633,2
942,9606.ENSP00000363043,1
943,9606.ENSP00000369465,1
944,9606.ENSP00000362479,1
945,9606.ENSP00000361383,2
946,9606.ENSP00000480483,1
947,9606.ENSP00000385361,1
948,9606.ENSP00000360129,1
949,9606.ENSP00000358794,1
950,9606.ENSP00000498660,1
951,9606.ENSP00000394734,1
952,9606.ENSP00000357345,1
953,9606.ENSP00000499092,1
954,9606.ENSP00000356465,1
955,9606.ENSP00000356301,1
956,9606.ENSP00000355437,1
957,9606.ENSP00000355354,2
958,9606.ENSP00000355060,1
959,9606.ENSP00000354163,1
960,9606.ENSP00000464976,2
961,9606.ENSP00000357943,1
962,9606.ENSP00000384400,1
963,9606.ENSP00000375756,1
964,9606.ENSP00000350359,1
965,9606.ENSP00000444210,2
966,9606.ENSP00000348912,1
967,9606.ENSP00000422354,1
968,9606.ENSP00000347484,2
969,9606.ENSP00000373176,1
970,9606.ENSP00000345988,2
971,9606.ENSP00000360058,1
972,9606.ENSP00000379003,1
973,9606.ENSP00000343144,1
974,9606.ENSP00000378289,1
975,9606.ENSP00000342356,1
976,9606.ENSP00000342197,1
977,9606.ENSP00000497164,1
978,9606.ENSP00000340668,1
979,9606.ENSP00000427772,1
980,9606.ENSP00000446828,1
981,9606.ENSP00000339813,1
982,9606.ENSP00000384725,1
983,9606.ENSP00000339157,2
984,9606.ENSP00000477856,1
985,9606.ENSP00000338624,2
986,9606.ENSP00000338613,1
987,9606.ENSP00000475845,1
988,9606.ENSP00000480941,1
989,9606.ENSP00000336994,1
990,9606.ENSP00000380247,2
991,9606.ENSP00000335397,1
992,9606.ENSP00000335255,2
993,9606.ENSP00000335091,1
994,9606.ENSP00000376827,1
995,9606.ENSP00000334379,1
996,9606.ENSP00000358512,1
997,9606.ENSP00000342162,1
998,9606.ENSP00000334072,1
999,9606.ENSP00000364277,1
1000,9606.ENSP00000463201,2
1001,9606.ENSP00000333735,1
1002,9606.ENSP00000430945,1
1003,9606.ENSP00000377490,1
1004,9606.ENSP00000362991,1
1005,9606.ENSP00000346964,2
1006,9606.ENSP00000331258,1
1007,9606.ENSP00000344829,1
1008,9606.ENSP00000427177,1
1009,9606.ENSP00000416673,2
1010,9606.ENSP00000329803,1
1011,9606.ENSP00000347140,1
1012,9606.ENSP00000328340,1
1013,9606.ENSP00000441685,1
1014,9606.ENSP00000408697,2
1015,9606.ENSP00000327506,1
1016,9606.ENSP00000325954,1
1017,9606.ENSP00000324672,1
1018,9606.ENSP00000367312,2
1019,9606.ENSP00000375783,1
1020,9606.ENSP00000373684,1
1021,9606.ENSP00000355799,1
1022,9606.ENSP00000319250,1
1023,9606.ENSP00000316845,1
1024,9606.ENSP00000393511,1
1025,9606.ENSP00000354829,2
1026,9606.ENSP00000386531,1
1027,9606.ENSP00000311648,2
1028,9606.ENSP00000442400,1
1029,9606.ENSP00000311521,1
1030,9606.ENSP00000360583,1
1031,9606.ENSP00000477792,1
1032,9606.ENSP00000311469,1
1033,9606.ENSP00000360968,2
1034,9606.ENSP00000430100,1
1035,9606.ENSP00000310301,1
1036,9606.ENSP00000305193,1
1037,9606.ENSP00000304782,1
1038,9606.ENSP00000304676,1
1039,9606.ENSP00000336655,1
1040,9606.ENSP00000367911,1
1041,9606.ENSP00000482218,1
1042,9606.ENSP00000304376,1
1043,9606.ENSP00000427421,1
1044,9606.ENSP00000467123,1
1045,9606.ENSP00000301659,1
1046,9606.ENSP00000301246,2
1047,9606.ENSP00000330148,1
1048,9606.ENSP00000300057,2
1049,9606.ENSP00000381214,1
1050,9606.ENSP00000386810,1
1051,9606.ENSP00000345420,2
1052,9606.ENSP00000298815,2
1053,9606.ENSP00000465638,2
1054,9606.ENSP00000297837,1
1055,9606.ENSP00000376142,1
1056,9606.ENSP00000365757,1
1057,9606.ENSP00000321038,1
1058,9606.ENSP00000364249,1
1059,9606.ENSP00000296741,1
1060,9606.ENSP00000296233,1
1061,9606.ENSP00000380901,1
1062,9606.ENSP00000480474,3
1063,9606.ENSP00000439427,1
1064,9606.ENSP00000295208,1
1065,9606.ENSP00000434717,1
1066,9606.ENSP00000347433,1
1067,9606.ENSP00000466500,1
1068,9606.ENSP00000292450,1
1069,9606.ENSP00000305692,2
1070,9606.ENSP00000377545,1
1071,9606.ENSP00000353132,1
1072,9606.ENSP00000386104,2
1073,9606.ENSP00000403130,1
1074,9606.ENSP00000357695,2
1075,9606.ENSP00000290271,1
1076,9606.ENSP00000414906,2
1077,9606.ENSP00000387164,1
1078,9606.ENSP00000450244,1
1079,9606.ENSP00000329880,1
1080,9606.ENSP00000473842,1
1081,9606.ENSP00000442756,1
1082,9606.ENSP00000495385,1
1083,9606.ENSP00000337439,2
1084,9606.ENSP00000406261,1
1085,9606.ENSP00000287713,2
1086,9606.ENSP00000379669,1
1087,9606.ENSP00000498198,1
1088,9606.ENSP00000284486,2
1089,9606.ENSP00000357645,1
1090,9606.ENSP00000363226,1
1091,9606.ENSP00000415528,2
1092,9606.ENSP00000283905,1
1093,9606.ENSP00000417635,1
1094,9606.ENSP00000368964,1
1095,9606.ENSP00000281419,1
1096,9606.ENSP00000348460,1
1097,9606.ENSP00000481096,1
1098,9606.ENSP00000280187,1
1099,9606.ENSP00000365176,1
1100,9606.ENSP00000310901,2
1101,9606.ENSP00000364886,2
1102,9606.ENSP00000354612,2
1103,9606.ENSP00000369786,1
1104,9606.ENSP00000403768,1
1105,9606.ENSP00000277575,1
1106,9606.ENSP00000357461,1
1107,9606.ENSP00000297267,2
1108,9606.ENSP00000364145,1
1109,9606.ENSP00000380671,1
1110,9606.ENSP00000325808,1
1111,9606.ENSP00000273695,1
1112,9606.ENSP00000414597,1
1113,9606.ENSP00000273541,1
1114,9606.ENSP00000378920,1
1115,9606.ENSP00000321026,2
1116,9606.ENSP00000366746,1
1117,9606.ENSP00000444596,1
1118,9606.ENSP00000368215,1
1119,9606.ENSP00000292211,1
1120,9606.ENSP00000349824,2
1121,9606.ENSP00000379842,1
1122,9606.ENSP00000328228,1
1123,9606.ENSP00000339764,1
1124,9606.ENSP00000470142,1
1125,9606.ENSP00000270066,1
1126,9606.ENSP00000269289,1
1127,9606.ENSP00000323355,2
1128,9606.ENSP00000269081,1
1129,9606.ENSP00000439467,1
1130,9606.ENSP00000380365,2
1131,9606.ENSP00000313172,1
1132,9606.ENSP00000368079,1
1133,9606.ENSP00000370129,2
1134,9606.ENSP00000395340,1
1135,9606.ENSP00000362136,2
1136,9606.ENSP00000267889,1
1137,9606.ENSP00000306866,2
1138,9606.ENSP00000453940,2
1139,9606.ENSP00000438085,1
1140,9606.ENSP00000325836,1
1141,9606.ENSP00000267484,1
1142,9606.ENSP00000266736,1
1143,9606.ENSP00000367794,1
1144,9606.ENSP00000354826,2
1145,9606.ENSP00000469337,1
1146,9606.ENSP00000488437,1
1147,9606.ENSP00000368759,1
1148,9606.ENSP00000480884,1
1149,9606.ENSP00000312284,1
1150,9606.ENSP00000265825,1
1151,9606.ENSP00000280979,1
1152,9606.ENSP00000368798,1
1153,9606.ENSP00000482032,1
1154,9606.ENSP00000265564,1
1155,9606.ENSP00000331044,2
1156,9606.ENSP00000379310,1
1157,9606.ENSP00000265191,2
1158,9606.ENSP00000338258,2
1159,9606.ENSP00000394791,1
1160,9606.ENSP00000335655,1
1161,9606.ENSP00000453858,1
1162,9606.ENSP00000440207,1
1163,9606.ENSP00000264866,2
1164,9606.ENSP00000370653,1
1165,9606.ENSP00000271452,1
1166,9606.ENSP00000273920,1
1167,9606.ENSP00000497777,1
1168,9606.ENSP00000495214,1
1169,9606.ENSP00000362638,1
1170,9606.ENSP00000264436,1
1171,9606.ENSP00000291572,2
1172,9606.ENSP00000264775,1
1173,9606.ENSP00000373328,1
1174,9606.ENSP00000264377,1
1175,9606.ENSP00000309953,1
1176,9606.ENSP00000264094,1
1177,9606.ENSP00000481859,1
1178,9606.ENSP00000355467,1
1179,9606.ENSP00000312439,1
1180,9606.ENSP00000480322,1
1181,9606.ENSP00000485033,1
1182,9606.ENSP00000310305,1
1183,9606.ENSP00000293829,2
1184,9606.ENSP00000420608,1
1185,9606.ENSP00000334002,1
1186,9606.ENSP00000476603,1
1187,9606.ENSP00000299886,1
1188,9606.ENSP00000300584,1
1189,9606.ENSP00000479261,1
1190,9606.ENSP00000263116,1
1191,9606.ENSP00000262865,1
1192,9606.ENSP00000369318,1
1193,9606.ENSP00000280295,1
1194,9606.ENSP00000406472,1
1195,9606.ENSP00000376395,1
1196,9606.ENSP00000347714,2
1197,9606.ENSP00000292432,1
1198,9606.ENSP00000367384,1
1199,9606.ENSP00000479664,1
1200,9606.ENSP00000289707,1
1201,9606.ENSP00000438677,1
1202,9606.ENSP00000320650,1
1203,9606.ENSP00000262370,1
1204,9606.ENSP00000280612,1
1205,9606.ENSP00000273063,1
1206,9606.ENSP00000301218,1
1207,9606.ENSP00000377845,1
1208,9606.ENSP00000265295,1
1209,9606.ENSP00000282369,1
1210,9606.ENSP00000272223,1
1211,9606.ENSP00000262041,2
1212,9606.ENSP00000261839,1
1213,9606.ENSP00000279022,1
1214,9606.ENSP00000292907,2
1215,9606.ENSP00000377411,2
1216,9606.ENSP00000341610,2
1217,9606.ENSP00000485401,1
1218,9606.ENSP00000374562,1
1219,9606.ENSP00000377668,2
1220,9606.ENSP00000380157,1
1221,9606.ENSP00000288014,1
1222,9606.ENSP00000261326,1
1223,9606.ENSP00000260803,1
1224,9606.ENSP00000351214,2
1225,9606.ENSP00000333019,2
1226,9606.ENSP00000425759,1
1227,9606.ENSP00000451866,1
1228,9606.ENSP00000481559,1
1229,9606.ENSP00000343140,1
1230,9606.ENSP00000299432,1
1231,9606.ENSP00000258888,2
1232,9606.ENSP00000370938,1
1233,9606.ENSP00000417235,1
1234,9606.ENSP00000476519,1
1235,9606.ENSP00000258111,1
1236,9606.ENSP00000313681,2
1237,9606.ENSP00000419162,1
1238,9606.ENSP00000360638,1
1239,9606.ENSP00000404079,1
1240,9606.ENSP00000290759,2
1241,9606.ENSP00000357348,1
1242,9606.ENSP00000412324,1
1243,9606.ENSP00000333821,2
1244,9606.ENSP00000454804,1
1245,9606.ENSP00000257776,1
1246,9606.ENSP00000257414,1
1247,9606.ENSP00000303452,1
1248,9606.ENSP00000265717,1
1249,9606.ENSP00000286628,2
1250,9606.ENSP00000378323,1
1251,9606.ENSP00000442046,2
1252,9606.ENSP00000477344,1
1253,9606.ENSP00000436607,1
1254,9606.ENSP00000304945,1
1255,9606.ENSP00000253796,2
1256,9606.ENSP00000373964,2
1257,9606.ENSP00000359225,1
1258,9606.ENSP00000253754,1
1259,9606.ENSP00000449137,1
1260,9606.ENSP00000253673,1
1261,9606.ENSP00000299198,1
1262,9606.ENSP00000253122,1
1263,9606.ENSP00000386880,1
1264,9606.ENSP00000308236,1
1265,9606.ENSP00000348054,1
1266,9606.ENSP00000366757,1
1267,9606.ENSP00000292853,1
1268,9606.ENSP00000303158,2
1269,9606.ENSP00000305133,1
1270,9606.ENSP00000379025,1
1271,9606.ENSP00000496166,1
1272,9606.ENSP00000253023,1
1273,9606.ENSP00000499569,1
1274,9606.ENSP00000394033,1
1275,9606.ENSP00000252826,1
1276,9606.ENSP00000327916,1
1277,9606.ENSP00000327453,2
1278,9606.ENSP00000270722,1
1279,9606.ENSP00000264409,2
1280,9606.ENSP00000252595,2
1281,9606.ENSP00000427975,1
1282,9606.ENSP00000252512,1
1283,9606.ENSP00000345179,1
1284,9606.ENSP00000497221,1
1285,9606.ENSP00000368528,1
1286,9606.ENSP00000305742,1
1287,9606.ENSP00000419101,1
1288,9606.ENSP00000365514,2
1289,9606.ENSP00000361900,1
1290,9606.ENSP00000345464,2
1291,9606.ENSP00000411032,1
1292,9606.ENSP00000251269,2
1293,9606.ENSP00000251089,1
1294,9606.ENSP00000265062,1
1295,9606.ENSP00000303192,2
1296,9606.ENSP00000250559,1
1297,9606.ENSP00000346537,1
1298,9606.ENSP00000399229,1
1299,9606.ENSP00000361554,1
1300,9606.ENSP00000337451,1
1301,9606.ENSP00000431010,1
1302,9606.ENSP00000308032,1
1303,9606.ENSP00000312999,1
1304,9606.ENSP00000373169,1
1305,9606.ENSP00000384906,2
1306,9606.ENSP00000467494,1
1307,9606.ENSP00000335560,2
1308,9606.ENSP00000297029,1
1309,9606.ENSP00000301332,1
1310,9606.ENSP00000263269,2
1311,9606.ENSP00000403888,2
1312,9606.ENSP00000392760,1
1313,9606.ENSP00000247986,1
1314,9606.ENSP00000386201,1
1315,9606.ENSP00000350348,1
1316,9606.ENSP00000247883,1
1317,9606.ENSP00000355735,1
1318,9606.ENSP00000295886,1
1319,9606.ENSP00000370340,2
1320,9606.ENSP00000470129,1
1321,9606.ENSP00000328364,1
1322,9606.ENSP00000282928,2
1323,9606.ENSP00000257552,1
1324,9606.ENSP00000450962,1
1325,9606.ENSP00000304004,1
1326,9606.ENSP00000287020,1
1327,9606.ENSP00000430886,1
1328,9606.ENSP00000245312,1
1329,9606.ENSP00000351644,1
1330,9606.ENSP00000367880,1
1331,9606.ENSP00000307260,2
1332,9606.ENSP00000484658,1
1333,9606.ENSP00000329662,1
1334,9606.ENSP00000297439,1
1335,9606.ENSP00000299424,1
1336,9606.ENSP00000258648,1
1337,9606.ENSP00000331310,1
1338,9606.ENSP00000419184,1
1339,9606.ENSP00000408617,1
1340,9606.ENSP00000361777,1
1341,9606.ENSP00000379841,1
1342,9606.ENSP00000352463,1
1343,9606.ENSP00000252037,1
1344,9606.ENSP00000378769,1
1345,9606.ENSP00000264596,1
1346,9606.ENSP00000477973,1
1347,9606.ENSP00000356070,1
1348,9606.ENSP00000409016,1
1349,9606.ENSP00000369681,1
1350,9606.ENSP00000280154,1
1351,9606.ENSP00000397261,1
1352,9606.ENSP00000289104,1
1353,9606.ENSP00000242208,2
1354,9606.ENSP00000381034,1
1355,9606.ENSP00000357392,1
1356,9606.ENSP00000360141,1
1357,9606.ENSP00000370697,2
1358,9606.ENSP00000394227,1
1359,9606.ENSP00000382434,1
1360,9606.ENSP00000240617,2
1361,9606.ENSP00000465617,1
1362,9606.ENSP00000388940,1
1363,9606.ENSP00000328547,1
1364,9606.ENSP00000240100,2
1365,9606.ENSP00000366915,1
1366,9606.ENSP00000257818,1
1367,9606.ENSP00000365280,2
1368,9606.ENSP00000243108,1
1369,9606.ENSP00000309336,1
1370,9606.ENSP00000315949,1
1371,9606.ENSP00000476295,1
1372,9606.ENSP00000381657,1
1373,9606.ENSP00000239165,2
1374,9606.ENSP00000376522,1
1375,9606.ENSP00000237353,1
1376,9606.ENSP00000462664,1
1377,9606.ENSP00000363017,1
1378,9606.ENSP00000352257,1
1379,9606.ENSP00000289081,1
1380,9606.ENSP00000312397,1
1381,9606.ENSP00000235310,1
1382,9606.ENSP00000308122,1
1383,9606.ENSP00000329757,2
1384,9606.ENSP00000449500,1
1385,9606.ENSP00000381654,1
1386,9606.ENSP00000322304,1
1387,9606.ENSP00000294304,1
1388,9606.ENSP00000410715,2
1389,9606.ENSP00000295113,2
1390,9606.ENSP00000301061,1
1391,9606.ENSP00000290015,2
1392,9606.ENSP00000340677,1
1393,9606.ENSP00000355652,1
1394,9606.ENSP00000281821,1
1395,9606.ENSP00000233948,1
1396,9606.ENSP00000483403,1
1397,9606.ENSP00000233668,1
1398,9606.ENSP00000249750,1
1399,9606.ENSP00000299529,2
1400,9606.ENSP00000232219,2
1401,9606.ENSP00000291536,1
1402,9606.ENSP00000373450,1
1403,9606.ENSP00000382140,1
1404,9606.ENSP00000398211,1
1405,9606.ENSP00000282670,2
1406,9606.ENSP00000231749,2
1407,9606.ENSP00000268802,1
1408,9606.ENSP00000386134,1
1409,9606.ENSP00000367498,1
1410,9606.ENSP00000361927,1
1411,9606.ENSP00000438875,2
1412,9606.ENSP00000379997,1
1413,9606.ENSP00000386962,1
1414,9606.ENSP00000417132,1
1415,9606.ENSP00000229330,1
1416,9606.ENSP00000482841,2
1417,9606.ENSP00000336931,1
1418,9606.ENSP00000378992,1
1419,9606.ENSP00000227880,2
1420,9606.ENSP00000338964,1
1421,9606.ENSP00000360147,1
1422,9606.ENSP00000431076,1
1423,9606.ENSP00000318982,1
1424,9606.ENSP00000379263,1
1425,9606.ENSP00000225576,1
1426,9606.ENSP00000419449,2
1427,9606.ENSP00000482313,1
1428,9606.ENSP00000289228,1
1429,9606.ENSP00000300026,2
1430,9606.ENSP00000299367,2
1431,9606.ENSP00000400894,1
1432,9606.ENSP00000366061,1
1433,9606.ENSP00000385510,1
1434,9606.ENSP00000356646,1
1435,9606.ENSP00000342858,1
1436,9606.ENSP00000362993,1
1437,9606.ENSP00000222573,1
1438,9606.ENSP00000393241,2
1439,9606.ENSP00000413436,2
1440,9606.ENSP00000259469,2
1441,9606.ENSP00000420311,2
1442,9606.ENSP00000470972,2
1443,9606.ENSP00000464342,2
1444,9606.ENSP00000481646,1
1445,9606.ENSP00000345957,1
1446,9606.ENSP00000466010,2
1447,9606.ENSP00000377640,2
1448,9606.ENSP00000463842,1
1449,9606.ENSP00000363018,2
1450,9606.ENSP00000472985,2
1451,9606.ENSP00000495273,2
1452,9606.ENSP00000346037,2
1453,9606.ENSP00000379339,2
1454,9606.ENSP00000274242,2
1455,9606.ENSP00000499044,2
1456,9606.ENSP00000416429,2
1457,9606.ENSP00000431822,2
1458,9606.ENSP00000404375,1
1459,9606.ENSP00000294189,2
1460,9606.ENSP00000309830,2
1461,9606.ENSP00000375730,2
1462,9606.ENSP00000355315,2
1463,9606.ENSP00000346088,2
1464,9606.ENSP00000346012,1
1465,9606.ENSP00000448035,2
1466,9606.ENSP00000369965,1
1467,9606.ENSP00000486252,1
1468,9606.ENSP00000359018,1
1469,9606.ENSP00000346080,1
1470,9606.ENSP00000477781,1
1471,9606.ENSP00000438788,1
1472,9606.ENSP00000300151,1
1473,9606.ENSP00000383949,1
1474,9606.ENSP00000354091,1
1475,9606.ENSP00000344547,1
1476,9606.ENSP00000457513,1
1477,9606.ENSP00000360806,1
1478,9606.ENSP00000315654,1
1479,9606.ENSP00000312129,1
1480,9606.ENSP00000352035,1
1481,9606.ENSP00000359693,1
1482,9606.ENSP00000221730,2
1483,9606.ENSP00000399485,1
1484,9606.ENSP00000220940,1
1485,9606.ENSP00000261797,1
1486,9606.ENSP00000359581,1
1487,9606.ENSP00000259241,1
1488,9606.ENSP00000296499,1
1489,9606.ENSP00000220562,2
1490,9606.ENSP00000451998,1
1491,9606.ENSP00000304586,1
1492,9606.ENSP00000268797,1
1493,9606.ENSP00000355523,2
1494,9606.ENSP00000219478,1
1495,9606.ENSP00000481357,1
1496,9606.ENSP00000312624,1
1497,9606.ENSP00000379678,1
1498,9606.ENSP00000357069,1
1499,9606.ENSP00000218867,2
1500,9606.ENSP00000263672,1
1501,9606.ENSP00000268053,1
1502,9606.ENSP00000265565,1
1503,9606.ENSP00000217971,1
1504,9606.ENSP00000278379,1
1505,9606.ENSP00000254488,1
1506,9606.ENSP00000339260,1
1507,9606.ENSP00000337168,2
1508,9606.ENSP00000290953,1
1509,9606.ENSP00000262352,1
1510,9606.ENSP00000306138,1
1511,9606.ENSP00000277120,2
1512,9606.ENSP00000254079,1
1513,9606.ENSP00000256010,2
1514,9606.ENSP00000217420,1
1515,9606.ENSP00000352992,1
1516,9606.ENSP00000417214,1
1517,9606.ENSP00000217246,3
1518,9606.ENSP00000220429,1
1519,9606.ENSP00000217121,1
1520,9606.ENSP00000292476,1
1521,9606.ENSP00000384700,2
1522,9606.ENSP00000356257,2
1523,9606.ENSP00000297440,1
1524,9606.ENSP00000229390,1
1525,9606.ENSP00000217109,1
1526,9606.ENSP00000261643,1
1527,9606.ENSP00000216489,1
1528,9606.ENSP00000272317,2
1529,9606.ENSP00000388107,2
1530,9606.ENSP00000376055,2
1531,9606.ENSP00000257787,1
1532,9606.ENSP00000367806,2
1533,9606.ENSP00000429374,2
1534,9606.ENSP00000258091,1
1535,9606.ENSP00000341885,2
1536,9606.ENSP00000496250,2
1537,9606.ENSP00000403172,2
1538,9606.ENSP00000447942,2
1539,9606.ENSP00000464813,2
1540,9606.ENSP00000379888,2
1541,9606.ENSP00000346694,1
1542,9606.ENSP00000346015,2
1543,9606.ENSP00000495672,2
1544,9606.ENSP00000346050,2
1545,9606.ENSP00000359345,2
1546,9606.ENSP00000428085,2
1547,9606.ENSP00000362744,2
1548,9606.ENSP00000431240,2
1549,9606.ENSP00000278572,2
1550,9606.ENSP00000375632,2
1551,9606.ENSP00000494697,2
1552,9606.ENSP00000449328,1
1553,9606.ENSP00000307889,2
1554,9606.ENSP00000386717,2
1555,9606.ENSP00000377245,1
1556,9606.ENSP00000354739,2
1557,9606.ENSP00000435777,2
1558,9606.ENSP00000410059,1
1559,9606.ENSP00000309334,2
1560,9606.ENSP00000452763,2
1561,9606.ENSP00000361076,2
1562,9606.ENSP00000419834,1
1563,9606.ENSP00000225430,2
1564,9606.ENSP00000222247,2
1565,9606.ENSP00000339795,2
1566,9606.ENSP00000463784,2
1567,9606.ENSP00000447001,2
1568,9606.ENSP00000230050,2
1569,9606.ENSP00000378163,2
1570,9606.ENSP00000296674,2
1571,9606.ENSP00000398597,1
1572,9606.ENSP00000414321,2
1573,9606.ENSP00000385958,2
1574,9606.ENSP00000392767,1
1575,9606.ENSP00000386636,1
1576,9606.ENSP00000379258,1
1577,9606.ENSP00000418082,2
1578,9606.ENSP00000345405,1
1579,9606.ENSP00000299084,2
1580,9606.ENSP00000393922,1
1581,9606.ENSP00000216366,1
1582,9606.ENSP00000248564,1
1583,9606.ENSP00000369291,1
1584,9606.ENSP00000483356,2
1585,9606.ENSP00000346560,1
1586,9606.ENSP00000216214,1
1587,9606.ENSP00000325376,1
1588,9606.ENSP00000397402,1
1589,9606.ENSP00000346001,2
1590,9606.ENSP00000244537,2
1591,9606.ENSP00000270625,2
1592,9606.ENSP00000349168,1
1593,9606.ENSP00000396937,1
1594,9606.ENSP00000446215,1
1595,9606.ENSP00000339063,2
1596,9606.ENSP00000216455,1
1597,9606.ENSP00000216038,1
1598,9606.ENSP00000328570,1
1599,9606.ENSP00000443900,1
1600,9606.ENSP00000258975,1
1601,9606.ENSP00000310873,1
1602,9606.ENSP00000216027,1
1603,9606.ENSP00000215886,1
1604,9606.ENSP00000329715,1
1605,9606.ENSP00000406220,1
1606,9606.ENSP00000381003,1
1607,9606.ENSP00000348849,1
1608,9606.ENSP00000346027,2
1609,9606.ENSP00000215882,1
1610,9606.ENSP00000377783,1
1611,9606.ENSP00000378131,1
1612,9606.ENSP00000356771,1
1613,9606.ENSP00000496779,1
1614,9606.ENSP00000383931,1
1615,9606.ENSP00000329380,1
1616,9606.ENSP00000386207,1
1617,9606.ENSP00000303129,1
1618,9606.ENSP00000223642,1
1619,9606.ENSP00000215727,1
1620,9606.ENSP00000361007,1
1621,9606.ENSP00000209929,1
1622,9606.ENSP00000357731,2
1623,9606.ENSP00000353608,1
1624,9606.ENSP00000206765,1
1625,9606.ENSP00000288050,2
1626,9606.ENSP00000246062,1
1627,9606.ENSP00000443459,1
1628,9606.ENSP00000345555,1
1629,9606.ENSP00000300289,1
1630,9606.ENSP00000497413,1
1631,9606.ENSP00000352706,2
1632,9606.ENSP00000300051,1
1633,9606.ENSP00000234396,1
1634,9606.ENSP00000430494,1
1635,9606.ENSP00000394624,1
1636,9606.ENSP00000301522,1
1637,9606.ENSP00000357920,1
1638,9606.ENSP00000374265,2
1639,9606.ENSP00000487719,1
1640,9606.ENSP00000361207,1
1641,9606.ENSP00000262146,1
1642,9606.ENSP00000244571,1
1643,9606.ENSP00000205402,1
1644,9606.ENSP00000408005,2
1645,9606.ENSP00000200652,1
1646,9606.ENSP00000251102,1
1647,9606.ENSP00000482306,1
1648,9606.ENSP00000460348,1
1649,9606.ENSP00000368341,1
1650,9606.ENSP00000193391,1
1651,9606.ENSP00000354691,2
1652,9606.ENSP00000292596,1
1653,9606.ENSP00000491830,1
1654,9606.ENSP00000416797,1
1655,9606.ENSP00000497916,1
1656,9606.ENSP00000170447,1
1657,9606.ENSP00000321334,2
1658,9606.ENSP00000226299,1
1659,9606.ENSP00000168148,2
1660,9606.ENSP00000299339,1
1661,9606.ENSP00000064724,1
1662,9606.ENSP00000355180,1
1663,9606.ENSP00000355751,2
1664,9606.ENSP00000307046,2
1665,9606.ENSP00000364711,2
1666,9606.ENSP00000391826,1
1667,9606.ENSP00000344468,1
1668,9606.ENSP00000344758,1
1669,9606.ENSP00000396198,1
1670,9606.ENSP00000385035,2
1671,9606.ENSP00000369889,2
1672,9606.ENSP00000378957,2
1673,9606.ENSP00000333947,2
1674,9606.ENSP00000364979,2
1675,9606.ENSP00000257868,1
1676,9606.ENSP00000364140,1
1677,9606.ENSP00000354053,2
1678,9606.ENSP00000216286,1
1679,9606.ENSP00000230538,2
1680,9606.ENSP00000341170,2
1681,9606.ENSP00000233813,2
1682,9606.ENSP00000302629,1
1683,9606.ENSP00000249842,2
1684,9606.ENSP00000261172,1
1685,9606.ENSP00000052754,2
1686,9606.ENSP00000360687,2
1687,9606.ENSP00000228938,2
1688,9606.ENSP00000287934,1
1689,9606.ENSP00000331544,2
1690,9606.ENSP00000037502,1
1691,9606.ENSP00000242261,1
1692,9606.ENSP00000245479,1
1693,9606.ENSP00000391803,1
1694,9606.ENSP00000497759,2
1695,9606.ENSP00000494686,2
1696,9606.ENSP00000311816,1
1697,9606.ENSP00000260227,1
1698,9606.ENSP00000379915,1
1699,9606.ENSP00000274063,2
1700,9606.ENSP00000295550,1
1701,9606.ENSP00000493906,2
1702,9606.ENSP00000379204,1
1703,9606.ENSP00000366416,1
1704,9606.ENSP00000304408,1
1705,9606.ENSP00000405738,1
1706,9606.ENSP00000266718,2
1707,9606.ENSP00000297268,2
1708,9606.ENSP00000266085,2
1709,9606.ENSP00000020945,1
1710,9606.ENSP00000403644,1
1711,9606.ENSP00000013222,1
1712,9606.ENSP00000419945,1
1713,9606.ENSP00000356946,1
1714,9606.ENSP00000177694,1
1715,9606.ENSP00000398568,1
1716,9606.ENSP00000346839,1
1717,9606.ENSP00000501245,1
1718,9606.ENSP00000292174,2
1719,9606.ENSP00000357152,1
1720,9606.ENSP00000363318,2
1721,9606.ENSP00000430950,1
1722,9606.ENSP00000478699,1
1723,9606.ENSP00000443432,1
1724,9606.ENSP00000379140,1
1725,9606.ENSP00000262102,1
1726,9606.ENSP00000215637,1
1727,9606.ENSP00000263932,1
1728,9606.ENSP00000391594,1
1729,9606.ENSP00000349446,1
1730,9606.ENSP00000294728,1
1731,9606.ENSP00000481848,2
1732,9606.ENSP00000219235,1
1733,9606.ENSP00000252486,1
1734,9606.ENSP00000495360,1
1735,9606.ENSP00000263923,1
1736,9606.ENSP00000396330,1
1737,9606.ENSP00000440428,1
1738,9606.ENSP00000241453,1
1739,9606.ENSP00000366024,1
1740,9606.ENSP00000284440,3
1741,9606.ENSP00000330442,1
1742,9606.ENSP00000262629,2
1743,9606.ENSP00000244241,1
1744,9606.ENSP00000263735,1
1745,9606.ENSP00000420298,2
1746,9606.ENSP00000389600,1
1747,9606.ENSP00000347038,1
1748,9606.ENSP00000360730,1
1749,9606.ENSP00000334145,2
1750,9606.ENSP00000499501,2
1751,9606.ENSP00000377015,2
1752,9606.ENSP00000331831,1
1753,9606.ENSP00000380150,1
1754,9606.ENSP00000357097,1
1755,9606.ENSP00000356581,2
1756,9606.ENSP00000352252,1
1757,9606.ENSP00000339835,1
1758,9606.ENSP00000229332,1
1759,9606.ENSP00000360797,1
1760,9606.ENSP00000248071,1
1761,9606.ENSP00000363773,1
1762,9606.ENSP00000296026,1
1763,9606.ENSP00000299663,1
1764,9606.ENSP00000360329,1
1765,9606.ENSP00000404833,1
1766,9606.ENSP00000320147,1
1767,9606.ENSP00000263285,2
1768,9606.ENSP00000363157,1
1769,9606.ENSP00000497653,1
1770,9606.ENSP00000229708,1
1771,9606.ENSP00000287706,1
1772,9606.ENSP00000305422,1
1773,9606.ENSP00000416066,1
1774,9606.ENSP00000259633,1
1775,9606.ENSP00000345494,2
1776,9606.ENSP00000348416,2
1777,9606.ENSP00000498065,1
1778,9606.ENSP00000442788,1
1779,9606.ENSP00000333657,1
1780,9606.ENSP00000296930,2
1781,9606.ENSP00000471894,1
1782,9606.ENSP00000343223,2
1783,9606.ENSP00000261799,1
1784,9606.ENSP00000330959,1
1785,9606.ENSP00000362205,1
1786,9606.ENSP00000342082,2
1787,9606.ENSP00000313967,1
1788,9606.ENSP00000381448,1
1789,9606.ENSP00000363770,1
1790,9606.ENSP00000248553,2
1791,9606.ENSP00000302961,1
1792,9606.ENSP00000302476,1
1793,9606.ENSP00000433560,2
1794,9606.ENSP00000296755,2
1795,9606.ENSP00000365745,1
1796,9606.ENSP00000004982,1
1797,9606.ENSP00000263579,1
1798,9606.ENSP00000442837,1
1799,9606.ENSP00000493384,1
1800,9606.ENSP00000309163,1
1801,9606.ENSP00000302413,1
1802,9606.ENSP00000347538,2
1803,9606.ENSP00000435189,1
1804,9606.ENSP00000296326,1
1805,9606.ENSP00000343190,1
1806,9606.ENSP00000311122,1
1807,9606.ENSP00000428518,1
1808,9606.ENSP00000426174,1
1809,9606.ENSP00000328938,1
1810,9606.ENSP00000482195,1
1811,9606.ENSP00000376249,1
1812,9606.ENSP00000431871,1
1813,9606.ENSP00000315410,1
1814,9606.ENSP00000302790,1
1815,9606.ENSP00000357265,1
1816,9606.ENSP00000295150,1
1817,9606.ENSP00000265723,1
1818,9606.ENSP00000366789,1
1819,9606.ENSP00000358120,1
1820,9606.ENSP00000369371,1
1821,9606.ENSP00000343435,1
1822,9606.ENSP00000361761,1
1823,9606.ENSP00000368273,1
1824,9606.ENSP00000483624,1
1825,9606.ENSP00000361511,1
1826,9606.ENSP00000296059,1
1827,9606.ENSP00000298596,1
1828,9606.ENSP00000370213,1
1829,9606.ENSP00000310561,1
1830,9606.ENSP00000300961,1
1831,9606.ENSP00000256412,1
1832,9606.ENSP00000447679,1
1833,9606.ENSP00000266643,1
1834,9606.ENSP00000391488,1
1835,9606.ENSP00000371512,1
1836,9606.ENSP00000347852,1
1837,9606.ENSP00000273179,1
1838,9606.ENSP00000411140,1
1839,9606.ENSP00000230582,1
1840,9606.ENSP00000412482,1
1841,9606.ENSP00000406933,1
1842,9606.ENSP00000446882,1
1843,9606.ENSP00000354964,1
1844,9606.ENSP00000431284,1
1845,9606.ENSP00000313088,2
1846,9606.ENSP00000299295,2
1847,9606.ENSP00000413520,2
1848,9606.ENSP00000376955,1
1849,9606.ENSP00000363891,2
1850,9606.ENSP00000419194,1
1851,9606.ENSP00000237853,1
1852,9606.ENSP00000479679,1
1853,9606.ENSP00000326063,1
1854,9606.ENSP00000376824,1
1855,9606.ENSP00000341565,1
1856,9606.ENSP00000222481,1
1857,9606.ENSP00000343507,1
1858,9606.ENSP00000319796,1
1859,9606.ENSP00000359376,1
1860,9606.ENSP00000246535,1
1861,9606.ENSP00000363852,1
1862,9606.ENSP00000368062,1
1863,9606.ENSP00000306473,1
1864,9606.ENSP00000401502,1
1865,9606.ENSP00000361306,1
1866,9606.ENSP00000321997,1
1867,9606.ENSP00000433597,2
1868,9606.ENSP00000332656,1
1869,9606.ENSP00000377789,1
1870,9606.ENSP00000351740,1
1871,9606.ENSP00000457810,1
1872,9606.ENSP00000357055,1
1873,9606.ENSP00000337466,1
1874,9606.ENSP00000363371,2
1875,9606.ENSP00000463287,1
1876,9606.ENSP00000338330,1
1877,9606.ENSP00000496184,1
1878,9606.ENSP00000261861,1
1879,9606.ENSP00000326110,1
1880,9606.ENSP00000318641,1
1881,9606.ENSP00000468991,2
1882,9606.ENSP00000388850,1
1883,9606.ENSP00000431202,1
1884,9606.ENSP00000210187,1
1885,9606.ENSP00000326253,1
1886,9606.ENSP00000418112,1
1887,9606.ENSP00000493020,1
1888,9606.ENSP00000485287,1
1889,9606.ENSP00000485206,1
1890,9606.ENSP00000440125,1
1891,9606.ENSP00000428982,1
1892,9606.ENSP00000474385,2
1893,9606.ENSP00000478893,2
1894,9606.ENSP00000474135,2
1895,9606.ENSP00000373215,1
1896,9606.ENSP00000369816,2
1897,9606.ENSP00000360992,1
1898,9606.ENSP00000359204,1
1899,9606.ENSP00000361915,1
1900,9606.ENSP00000364949,2
1901,9606.ENSP00000384115,1
1902,9606.ENSP00000354227,1
1903,9606.ENSP00000436897,2
1904,9606.ENSP00000353791,1
1905,9606.ENSP00000353767,1
1906,9606.ENSP00000353920,1
1907,9606.ENSP00000351669,1
1908,9606.ENSP00000351157,1
1909,9606.ENSP00000456480,1
1910,9606.ENSP00000380178,1
1911,9606.ENSP00000348565,1
1912,9606.ENSP00000346733,1
1913,9606.ENSP00000446479,1
1914,9606.ENSP00000451162,1
1915,9606.ENSP00000329995,1
1916,9606.ENSP00000357110,2
1917,9606.ENSP00000329287,1
1918,9606.ENSP00000327459,1
1919,9606.ENSP00000471683,2
1920,9606.ENSP00000371201,1
1921,9606.ENSP00000419260,1
1922,9606.ENSP00000324527,2
1923,9606.ENSP00000316042,1
1924,9606.ENSP00000345282,1
1925,9606.ENSP00000384949,1
1926,9606.ENSP00000383986,2
1927,9606.ENSP00000480428,1
1928,9606.ENSP00000310696,1
1929,9606.ENSP00000395983,1
1930,9606.ENSP00000310661,1
1931,9606.ENSP00000357158,2
1932,9606.ENSP00000308925,2
1933,9606.ENSP00000308024,1
1934,9606.ENSP00000312150,2
1935,9606.ENSP00000379087,1
1936,9606.ENSP00000441929,1
1937,9606.ENSP00000314500,2
1938,9606.ENSP00000304364,1
1939,9606.ENSP00000301765,1
1940,9606.ENSP00000301420,2
1941,9606.ENSP00000442439,2
1942,9606.ENSP00000352798,2
1943,9606.ENSP00000368646,1
1944,9606.ENSP00000427211,1
1945,9606.ENSP00000295971,2
1946,9606.ENSP00000327368,1
1947,9606.ENSP00000351605,1
1948,9606.ENSP00000380379,1
1949,9606.ENSP00000481581,1
1950,9606.ENSP00000304501,1
1951,9606.ENSP00000284311,1
1952,9606.ENSP00000356363,1
1953,9606.ENSP00000283547,1
1954,9606.ENSP00000345751,1
1955,9606.ENSP00000278060,1
1956,9606.ENSP00000329797,1
1957,9606.ENSP00000356940,1
1958,9606.ENSP00000274382,1
1959,9606.ENSP00000273347,1
1960,9606.ENSP00000331741,1
1961,9606.ENSP00000272369,1
1962,9606.ENSP00000271469,1
1963,9606.ENSP00000269593,1
1964,9606.ENSP00000369129,1
1965,9606.ENSP00000269576,1
1966,9606.ENSP00000306776,1
1967,9606.ENSP00000269053,2
1968,9606.ENSP00000290167,1
1969,9606.ENSP00000366271,1
1970,9606.ENSP00000368104,1
1971,9606.ENSP00000379330,1
1972,9606.ENSP00000266674,1
1973,9606.ENSP00000265440,1
1974,9606.ENSP00000438248,1
1975,9606.ENSP00000285518,1
1976,9606.ENSP00000265022,1
1977,9606.ENSP00000397157,1
1978,9606.ENSP00000448228,1
1979,9606.ENSP00000264731,1
1980,9606.ENSP00000264072,2
1981,9606.ENSP00000371420,2
1982,9606.ENSP00000263867,1
1983,9606.ENSP00000350256,2
1984,9606.ENSP00000376637,1
1985,9606.ENSP00000327611,1
1986,9606.ENSP00000263372,1
1987,9606.ENSP00000262510,1
1988,9606.ENSP00000497691,2
1989,9606.ENSP00000262067,2
1990,9606.ENSP00000261867,1
1991,9606.ENSP00000441000,1
1992,9606.ENSP00000262027,1
1993,9606.ENSP00000347495,1
1994,9606.ENSP00000369436,1
1995,9606.ENSP00000380779,1
1996,9606.ENSP00000342510,1
1997,9606.ENSP00000261499,1
1998,9606.ENSP00000260361,1
1999,9606.ENSP00000291565,1
2000,9606.ENSP00000478931,1
2001,9606.ENSP00000363794,1
2002,9606.ENSP00000377470,1
2003,9606.ENSP00000306010,1
2004,9606.ENSP00000377617,1
2005,9606.ENSP00000318868,1
2006,9606.ENSP00000370737,1
2007,9606.ENSP00000493382,1
2008,9606.ENSP00000258494,1
2009,9606.ENSP00000281456,1
2010,9606.ENSP00000360025,1
2011,9606.ENSP00000251810,1
2012,9606.ENSP00000302100,1
2013,9606.ENSP00000287667,2
2014,9606.ENSP00000313854,1
2015,9606.ENSP00000245907,1
2016,9606.ENSP00000243776,1
2017,9606.ENSP00000375836,1
2018,9606.ENSP00000248958,1
2019,9606.ENSP00000367038,2
2020,9606.ENSP00000258739,1
2021,9606.ENSP00000425824,1
2022,9606.ENSP00000417764,1
2023,9606.ENSP00000309092,1
2024,9606.ENSP00000350949,1
2025,9606.ENSP00000339191,2
2026,9606.ENSP00000237642,1
2027,9606.ENSP00000420641,1
2028,9606.ENSP00000262213,1
2029,9606.ENSP00000427463,1
2030,9606.ENSP00000239891,1
2031,9606.ENSP00000246117,1
2032,9606.ENSP00000386597,1
2033,9606.ENSP00000330945,1
2034,9606.ENSP00000312222,1
2035,9606.ENSP00000468633,1
2036,9606.ENSP00000359224,1
2037,9606.ENSP00000274711,1
2038,9606.ENSP00000237275,2
2039,9606.ENSP00000361914,1
2040,9606.ENSP00000231887,1
2041,9606.ENSP00000363973,1
2042,9606.ENSP00000230036,1
2043,9606.ENSP00000440288,1
2044,9606.ENSP00000228922,1
2045,9606.ENSP00000260270,1
2046,9606.ENSP00000228606,1
2047,9606.ENSP00000237530,1
2048,9606.ENSP00000228251,1
2049,9606.ENSP00000379111,1
2050,9606.ENSP00000371425,2
2051,9606.ENSP00000380334,1
2052,9606.ENSP00000380421,2
2053,9606.ENSP00000386911,1
2054,9606.ENSP00000379383,1
2055,9606.ENSP00000227752,1
2056,9606.ENSP00000360215,1
2057,9606.ENSP00000227451,1
2058,9606.ENSP00000497249,2
2059,9606.ENSP00000263851,1
2060,9606.ENSP00000332504,1
2061,9606.ENSP00000264896,1
2062,9606.ENSP00000308361,1
2063,9606.ENSP00000325708,1
2064,9606.ENSP00000445868,2
2065,9606.ENSP00000354032,1
2066,9606.ENSP00000219368,1
2067,9606.ENSP00000385432,1
2068,9606.ENSP00000280551,1
2069,9606.ENSP00000381823,1
2070,9606.ENSP00000264904,1
2071,9606.ENSP00000217131,1
2072,9606.ENSP00000378326,1
2073,9606.ENSP00000419081,1
2074,9606.ENSP00000278742,2
2075,9606.ENSP00000216139,1
2076,9606.ENSP00000364782,1
2077,9606.ENSP00000356978,1
2078,9606.ENSP00000216124,1
2079,9606.ENSP00000373905,1
2080,9606.ENSP00000216115,1
2081,9606.ENSP00000385385,1
2082,9606.ENSP00000226760,1
2083,9606.ENSP00000323313,1
2084,9606.ENSP00000418401,1
2085,9606.ENSP00000260643,1
2086,9606.ENSP00000438689,1
2087,9606.ENSP00000222803,2
2088,9606.ENSP00000499582,1
2089,9606.ENSP00000405330,1
2090,9606.ENSP00000311032,1
2091,9606.ENSP00000484644,1
2092,9606.ENSP00000381237,1
2093,9606.ENSP00000449751,1
2094,9606.ENSP00000383938,1
2095,9606.ENSP00000342136,1
2096,9606.ENSP00000492024,1
2097,9606.ENSP00000261772,1
2098,9606.ENSP00000326948,1
2099,9606.ENSP00000199320,1
2100,9606.ENSP00000337053,2
2101,9606.ENSP00000366395,1
2102,9606.ENSP00000299767,1
2103,9606.ENSP00000451261,1
2104,9606.ENSP00000256497,1
2105,9606.ENSP00000228506,1
2106,9606.ENSP00000327801,1
2107,9606.ENSP00000251047,1
2108,9606.ENSP00000414398,1
2109,9606.ENSP00000478771,1
2110,9606.ENSP00000349439,1
2111,9606.ENSP00000295731,1
2112,9606.ENSP00000357453,2
2113,9606.ENSP00000303366,1
2114,9606.ENSP00000480150,1
2115,9606.ENSP00000265195,1
2116,9606.ENSP00000295304,1
2117,9606.ENSP00000499129,1
2118,9606.ENSP00000296255,1
2119,9606.ENSP00000376472,1
2120,9606.ENSP00000185150,1
2121,9606.ENSP00000243253,1
2122,9606.ENSP00000182527,1
2123,9606.ENSP00000406209,2
2124,9606.ENSP00000085068,1
2125,9606.ENSP00000303920,2
2126,9606.ENSP00000440066,2
2127,9606.ENSP00000226279,1
2128,9606.ENSP00000357022,1
2129,9606.ENSP00000369081,1
2130,9606.ENSP00000370542,2
2131,9606.ENSP00000384744,2
2132,9606.ENSP00000228887,1
2133,9606.ENSP00000370343,1
2134,9606.ENSP00000376544,2
2135,9606.ENSP00000451506,2
2136,9606.ENSP00000358092,1
2137,9606.ENSP00000216037,1
2138,9606.ENSP00000053243,2
2139,9606.ENSP00000316842,1
2140,9606.ENSP00000378405,1
2141,9606.ENSP00000012049,1
2142,9606.ENSP00000462435,1
2143,9606.ENSP00000278937,1
2144,9606.ENSP00000344041,1
2145,9606.ENSP00000497550,1
2146,9606.ENSP00000368872,1
2147,9606.ENSP00000375150,1
2148,9606.ENSP00000240306,1
2149,9606.ENSP00000312834,1
2150,9606.ENSP00000413001,1
2151,9606.ENSP00000379169,1
2152,9606.ENSP00000332433,1
2153,9606.ENSP00000421048,1
2154,9606.ENSP00000297290,1
2155,9606.ENSP00000315915,1
2156,9606.ENSP00000361483,1
2157,9606.ENSP00000414721,1
2158,9606.ENSP00000387617,1
2159,9606.ENSP00000245105,1
2160,9606.ENSP00000343617,1
2161,9606.ENSP00000351244,1
2162,9606.ENSP00000424544,1
2163,9606.ENSP00000383226,1
2164,9606.ENSP00000412524,1
2165,9606.ENSP00000341490,1
2166,9606.ENSP00000484175,1
2167,9606.ENSP00000303108,1
2168,9606.ENSP00000395259,1
2169,9606.ENSP00000279907,1
2170,9606.ENSP00000335675,1
2171,9606.ENSP00000344162,1
2172,9606.ENSP00000305839,1
2173,9606.ENSP00000452535,1
2174,9606.ENSP00000498781,1
2175,9606.ENSP00000276480,1
2176,9606.ENSP00000482786,1
2177,9606.ENSP00000318258,1
2178,9606.ENSP00000280987,1
2179,9606.ENSP00000307129,1
2180,9606.ENSP00000358714,1
2181,9606.ENSP00000333441,1
2182,9606.ENSP00000358730,1
2183,9606.ENSP00000353048,1
2184,9606.ENSP00000357425,1
2185,9606.ENSP00000443133,1
2186,9606.ENSP00000246104,1
2187,9606.ENSP00000341549,1
2188,9606.ENSP00000329452,1
2189,9606.ENSP00000279024,1
2190,9606.ENSP00000383366,1
2191,9606.ENSP00000301917,1
2192,9606.ENSP00000321976,1
2193,9606.ENSP00000341108,1
2194,9606.ENSP00000338769,1
2195,9606.ENSP00000324127,1
2196,9606.ENSP00000308921,1
2197,9606.ENSP00000260447,1
2198,9606.ENSP00000397566,1
2199,9606.ENSP00000493385,1
2200,9606.ENSP00000398083,1
2201,9606.ENSP00000312224,1
2202,9606.ENSP00000315731,1
2203,9606.ENSP00000209718,1
2204,9606.ENSP00000369976,1
2205,9606.ENSP00000298738,1
2206,9606.ENSP00000303769,1
2207,9606.ENSP00000265840,1
2208,9606.ENSP00000269834,1
2209,9606.ENSP00000257860,1
2210,9606.ENSP00000482202,1
2211,9606.ENSP00000358824,1
2212,9606.ENSP00000265007,1
2213,9606.ENSP00000361602,1
2214,9606.ENSP00000344219,1
2215,9606.ENSP00000380351,1
2216,9606.ENSP00000263278,1
2217,9606.ENSP00000333593,1
2218,9606.ENSP00000366923,1
2219,9606.ENSP00000338030,1
2220,9606.ENSP00000320757,1
2221,9606.ENSP00000360376,1
2222,9606.ENSP00000307342,1
2223,9606.ENSP00000417196,1
2224,9606.ENSP00000334940,1
2225,9606.ENSP00000355402,1
2226,9606.ENSP00000279101,1
2227,9606.ENSP00000386959,1
2228,9606.ENSP00000311833,1
2229,9606.ENSP00000480818,1
2230,9606.ENSP00000293443,1
2231,9606.ENSP00000329522,1
2232,9606.ENSP00000384376,1
2233,9606.ENSP00000392410,1
2234,9606.ENSP00000356370,1
2235,9606.ENSP00000428698,1
2236,9606.ENSP00000466967,1
2237,9606.ENSP00000466072,1
2238,9606.ENSP00000469582,1
2239,9606.ENSP00000332788,1
2240,9606.ENSP00000414451,1
2241,9606.ENSP00000394653,1
2242,9606.ENSP00000318032,1
2243,9606.ENSP00000342137,1
2244,9606.ENSP00000479396,1
2245,9606.ENSP00000314901,1
2246,9606.ENSP00000382675,1
2247,9606.ENSP00000355459,1
2248,9606.ENSP00000417919,1
2249,9606.ENSP00000220676,1
2250,9606.ENSP00000457180,1
2251,9606.ENSP00000366161,1
2252,9606.ENSP00000288680,1
2253,9606.ENSP00000366153,1
2254,9606.ENSP00000359052,1
2255,9606.ENSP00000265068,1
2256,9606.ENSP00000341787,1
2257,9606.ENSP00000319412,1
2258,9606.ENSP00000422431,1
2259,9606.ENSP00000294829,1
2260,9606.ENSP00000395587,1
2261,9606.ENSP00000223210,1
2262,9606.ENSP00000361795,1
2263,9606.ENSP00000384434,1
2264,9606.ENSP00000494087,1
2265,9606.ENSP00000352846,1
2266,9606.ENSP00000306528,1
2267,9606.ENSP00000268154,1
2268,9606.ENSP00000364430,1
2269,9606.ENSP00000418348,1
2270,9606.ENSP00000478290,1
2271,9606.ENSP00000455585,1
2272,9606.ENSP00000435355,1
2273,9606.ENSP00000416126,1
2274,9606.ENSP00000404236,1
2275,9606.ENSP00000390661,1
2276,9606.ENSP00000414922,1
2277,9606.ENSP00000425493,1
2278,9606.ENSP00000386870,1
2279,9606.ENSP00000404296,1
2280,9606.ENSP00000420849,1
2281,9606.ENSP00000381007,1
2282,9606.ENSP00000379396,1
2283,9606.ENSP00000383922,1
2284,9606.ENSP00000378710,1
2285,9606.ENSP00000378320,1
2286,9606.ENSP00000378132,1
2287,9606.ENSP00000379173,1
2288,9606.ENSP00000385892,1
2289,9606.ENSP00000370849,1
2290,9606.ENSP00000370770,1
2291,9606.ENSP00000378958,1
2292,9606.ENSP00000369702,1
2293,9606.ENSP00000381005,1
2294,9606.ENSP00000495936,1
2295,9606.ENSP00000460371,1
2296,9606.ENSP00000368207,1
2297,9606.ENSP00000366460,1
2298,9606.ENSP00000386711,1
2299,9606.ENSP00000423014,1
2300,9606.ENSP00000366157,1
2301,9606.ENSP00000500411,1
2302,9606.ENSP00000421294,1
2303,9606.ENSP00000455854,1
2304,9606.ENSP00000361001,1
2305,9606.ENSP00000360315,1
2306,9606.ENSP00000420076,1
2307,9606.ENSP00000480824,1
2308,9606.ENSP00000465260,1
2309,9606.ENSP00000453962,1
2310,9606.ENSP00000356733,1
2311,9606.ENSP00000358316,1
2312,9606.ENSP00000356470,1
2313,9606.ENSP00000380185,1
2314,9606.ENSP00000356076,1
2315,9606.ENSP00000355870,1
2316,9606.ENSP00000356156,1
2317,9606.ENSP00000355580,1
2318,9606.ENSP00000355251,1
2319,9606.ENSP00000355204,1
2320,9606.ENSP00000368605,1
2321,9606.ENSP00000354871,1
2322,9606.ENSP00000385727,1
2323,9606.ENSP00000355880,1
2324,9606.ENSP00000360020,1
2325,9606.ENSP00000352420,1
2326,9606.ENSP00000352314,1
2327,9606.ENSP00000394720,1
2328,9606.ENSP00000364018,1
2329,9606.ENSP00000365019,1
2330,9606.ENSP00000352097,1
2331,9606.ENSP00000381859,1
2332,9606.ENSP00000363391,1
2333,9606.ENSP00000481750,1
2334,9606.ENSP00000428402,1
2335,9606.ENSP00000420659,1
2336,9606.ENSP00000349891,1
2337,9606.ENSP00000479526,1
2338,9606.ENSP00000463752,1
2339,9606.ENSP00000450832,1
2340,9606.ENSP00000374490,1
2341,9606.ENSP00000347778,1
2342,9606.ENSP00000389252,1
2343,9606.ENSP00000483469,1
2344,9606.ENSP00000346890,1
2345,9606.ENSP00000377037,1
2346,9606.ENSP00000345826,1
2347,9606.ENSP00000407193,1
2348,9606.ENSP00000456782,1
2349,9606.ENSP00000345107,1
2350,9606.ENSP00000417659,1
2351,9606.ENSP00000344674,1
2352,9606.ENSP00000427661,1
2353,9606.ENSP00000379369,1
2354,9606.ENSP00000397002,1
2355,9606.ENSP00000456920,1
2356,9606.ENSP00000348314,1
2357,9606.ENSP00000340776,1
2358,9606.ENSP00000363123,1
2359,9606.ENSP00000379804,1
2360,9606.ENSP00000339390,1
2361,9606.ENSP00000361895,1
2362,9606.ENSP00000439666,1
2363,9606.ENSP00000374218,1
2364,9606.ENSP00000338885,1
2365,9606.ENSP00000362187,1
2366,9606.ENSP00000375829,1
2367,9606.ENSP00000337862,1
2368,9606.ENSP00000356355,1
2369,9606.ENSP00000354884,1
2370,9606.ENSP00000335500,1
2371,9606.ENSP00000342336,1
2372,9606.ENSP00000400669,1
2373,9606.ENSP00000434830,1
2374,9606.ENSP00000435585,1
2375,9606.ENSP00000333358,1
2376,9606.ENSP00000332772,1
2377,9606.ENSP00000481994,1
2378,9606.ENSP00000331720,1
2379,9606.ENSP00000334415,1
2380,9606.ENSP00000330631,1
2381,9606.ENSP00000369139,1
2382,9606.ENSP00000398401,1
2383,9606.ENSP00000369887,1
2384,9606.ENSP00000370639,1
2385,9606.ENSP00000326759,1
2386,9606.ENSP00000326445,1
2387,9606.ENSP00000350881,1
2388,9606.ENSP00000481056,1
2389,9606.ENSP00000323288,1
2390,9606.ENSP00000378733,1
2391,9606.ENSP00000349732,1
2392,9606.ENSP00000432279,1
2393,9606.ENSP00000337618,1
2394,9606.ENSP00000366452,1
2395,9606.ENSP00000368592,1
2396,9606.ENSP00000368666,1
2397,9606.ENSP00000320246,1
2398,9606.ENSP00000403077,1
2399,9606.ENSP00000330587,1
2400,9606.ENSP00000355377,1
2401,9606.ENSP00000330918,1
2402,9606.ENSP00000340578,1
2403,9606.ENSP00000380352,1
2404,9606.ENSP00000430620,1
2405,9606.ENSP00000336887,1
2406,9606.ENSP00000344749,1
2407,9606.ENSP00000389588,1
2408,9606.ENSP00000315659,1
2409,9606.ENSP00000315265,1
2410,9606.ENSP00000373364,1
2411,9606.ENSP00000496394,1
2412,9606.ENSP00000314556,1
2413,9606.ENSP00000423897,1
2414,9606.ENSP00000450857,1
2415,9606.ENSP00000334836,1
2416,9606.ENSP00000460823,1
2417,9606.ENSP00000343629,1
2418,9606.ENSP00000312273,1
2419,9606.ENSP00000376456,1
2420,9606.ENSP00000392197,1
2421,9606.ENSP00000311687,1
2422,9606.ENSP00000385207,1
2423,9606.ENSP00000359469,1
2424,9606.ENSP00000314380,1
2425,9606.ENSP00000310547,1
2426,9606.ENSP00000368994,1
2427,9606.ENSP00000310335,1
2428,9606.ENSP00000310149,1
2429,9606.ENSP00000310117,1
2430,9606.ENSP00000369568,1
2431,9606.ENSP00000493410,1
2432,9606.ENSP00000313936,1
2433,9606.ENSP00000479757,1
2434,9606.ENSP00000369559,1
2435,9606.ENSP00000493023,1
2436,9606.ENSP00000493014,1
2437,9606.ENSP00000492951,1
2438,9606.ENSP00000334115,1
2439,9606.ENSP00000493334,1
2440,9606.ENSP00000464006,1
2441,9606.ENSP00000415774,1
2442,9606.ENSP00000357660,1
2443,9606.ENSP00000394390,1
2444,9606.ENSP00000369328,1
2445,9606.ENSP00000484472,1
2446,9606.ENSP00000361475,1
2447,9606.ENSP00000371318,1
2448,9606.ENSP00000393474,1
2449,9606.ENSP00000307369,1
2450,9606.ENSP00000368799,1
2451,9606.ENSP00000345268,1
2452,9606.ENSP00000356607,1
2453,9606.ENSP00000343158,1
2454,9606.ENSP00000335082,1
2455,9606.ENSP00000480744,1
2456,9606.ENSP00000448680,1
2457,9606.ENSP00000304226,1
2458,9606.ENSP00000362047,1
2459,9606.ENSP00000304108,1
2460,9606.ENSP00000361894,1
2461,9606.ENSP00000302867,1
2462,9606.ENSP00000371940,1
2463,9606.ENSP00000302756,1
2464,9606.ENSP00000369725,1
2465,9606.ENSP00000302724,1
2466,9606.ENSP00000354652,1
2467,9606.ENSP00000352163,1
2468,9606.ENSP00000357545,1
2469,9606.ENSP00000300896,1
2470,9606.ENSP00000362608,1
2471,9606.ENSP00000299866,1
2472,9606.ENSP00000346466,1
2473,9606.ENSP00000298569,1
2474,9606.ENSP00000480703,1
2475,9606.ENSP00000297596,1
2476,9606.ENSP00000297540,1
2477,9606.ENSP00000297459,1
2478,9606.ENSP00000363596,1
2479,9606.ENSP00000297056,1
2480,9606.ENSP00000415464,1
2481,9606.ENSP00000313953,1
2482,9606.ENSP00000361084,1
2483,9606.ENSP00000409126,1
2484,9606.ENSP00000476369,1
2485,9606.ENSP00000373274,1
2486,9606.ENSP00000295268,1
2487,9606.ENSP00000381148,1
2488,9606.ENSP00000361803,1
2489,9606.ENSP00000307801,1
2490,9606.ENSP00000311712,1
2491,9606.ENSP00000292330,1
2492,9606.ENSP00000392495,1
2493,9606.ENSP00000308339,1
2494,9606.ENSP00000291574,1
2495,9606.ENSP00000392553,1
2496,9606.ENSP00000291560,1
2497,9606.ENSP00000291495,1
2498,9606.ENSP00000334849,1
2499,9606.ENSP00000291041,1
2500,9606.ENSP00000301459,1
2501,9606.ENSP00000360938,1
2502,9606.ENSP00000353854,1
2503,9606.ENSP00000406157,1
2504,9606.ENSP00000393559,1
2505,9606.ENSP00000290583,1
2506,9606.ENSP00000290401,1
2507,9606.ENSP00000307513,1
2508,9606.ENSP00000289749,1
2509,9606.ENSP00000402608,1
2510,9606.ENSP00000487136,1
2511,9606.ENSP00000288462,1
2512,9606.ENSP00000288235,1
2513,9606.ENSP00000335614,1
2514,9606.ENSP00000288221,1
2515,9606.ENSP00000319531,1
2516,9606.ENSP00000445440,1
2517,9606.ENSP00000405950,1
2518,9606.ENSP00000482543,1
2519,9606.ENSP00000346196,1
2520,9606.ENSP00000367938,1
2521,9606.ENSP00000437082,1
2522,9606.ENSP00000355955,1
2523,9606.ENSP00000287218,1
2524,9606.ENSP00000321077,1
2525,9606.ENSP00000358423,1
2526,9606.ENSP00000286234,1
2527,9606.ENSP00000357131,1
2528,9606.ENSP00000379709,1
2529,9606.ENSP00000439625,1
2530,9606.ENSP00000284878,1
2531,9606.ENSP00000284425,1
2532,9606.ENSP00000307640,1
2533,9606.ENSP00000325868,1
2534,9606.ENSP00000361852,1
2535,9606.ENSP00000384667,1
2536,9606.ENSP00000283357,1
2537,9606.ENSP00000283309,1
2538,9606.ENSP00000342169,1
2539,9606.ENSP00000376246,1
2540,9606.ENSP00000283233,1
2541,9606.ENSP00000355631,1
2542,9606.ENSP00000341803,1
2543,9606.ENSP00000479113,1
2544,9606.ENSP00000470262,1
2545,9606.ENSP00000413156,1
2546,9606.ENSP00000299314,1
2547,9606.ENSP00000354158,1
2548,9606.ENSP00000354728,1
2549,9606.ENSP00000278979,1
2550,9606.ENSP00000413728,1
2551,9606.ENSP00000276570,1
2552,9606.ENSP00000374507,1
2553,9606.ENSP00000289575,1
2554,9606.ENSP00000383909,1
2555,9606.ENSP00000379183,1
2556,9606.ENSP00000275227,1
2557,9606.ENSP00000274605,1
2558,9606.ENSP00000403683,1
2559,9606.ENSP00000363583,1
2560,9606.ENSP00000286918,1
2561,9606.ENSP00000313600,1
2562,9606.ENSP00000420387,1
2563,9606.ENSP00000371084,1
2564,9606.ENSP00000284509,1
2565,9606.ENSP00000273859,1
2566,9606.ENSP00000348459,1
2567,9606.ENSP00000353732,1
2568,9606.ENSP00000272203,1
2569,9606.ENSP00000464218,1
2570,9606.ENSP00000271375,1
2571,9606.ENSP00000350364,1
2572,9606.ENSP00000360472,1
2573,9606.ENSP00000362340,1
2574,9606.ENSP00000270642,1
2575,9606.ENSP00000388293,1
2576,9606.ENSP00000367049,1
2577,9606.ENSP00000327077,1
2578,9606.ENSP00000370021,1
2579,9606.ENSP00000343377,1
2580,9606.ENSP00000411613,1
2581,9606.ENSP00000269298,1
2582,9606.ENSP00000269209,1
2583,9606.ENSP00000366542,1
2584,9606.ENSP00000283550,1
2585,9606.ENSP00000474621,1
2586,9606.ENSP00000302863,1
2587,9606.ENSP00000268720,1
2588,9606.ENSP00000471457,1
2589,9606.ENSP00000359552,1
2590,9606.ENSP00000268070,1
2591,9606.ENSP00000267853,1
2592,9606.ENSP00000294600,1
2593,9606.ENSP00000382382,1
2594,9606.ENSP00000267460,1
2595,9606.ENSP00000267102,1
2596,9606.ENSP00000309270,1
2597,9606.ENSP00000319636,1
2598,9606.ENSP00000266086,1
2599,9606.ENSP00000353332,1
2600,9606.ENSP00000356432,1
2601,9606.ENSP00000266058,1
2602,9606.ENSP00000387307,1
2603,9606.ENSP00000376337,1
2604,9606.ENSP00000354718,1
2605,9606.ENSP00000501053,1
2606,9606.ENSP00000268129,1
2607,9606.ENSP00000461945,1
2608,9606.ENSP00000265563,1
2609,9606.ENSP00000362095,1
2610,9606.ENSP00000414886,1
2611,9606.ENSP00000350224,1
2612,9606.ENSP00000454919,1
2613,9606.ENSP00000330606,1
2614,9606.ENSP00000319192,1
2615,9606.ENSP00000386908,1
2616,9606.ENSP00000344465,1
2617,9606.ENSP00000359292,1
2618,9606.ENSP00000424126,1
2619,9606.ENSP00000294008,1
2620,9606.ENSP00000440556,1
2621,9606.ENSP00000265085,1
2622,9606.ENSP00000265000,1
2623,9606.ENSP00000320006,1
2624,9606.ENSP00000356959,1
2625,9606.ENSP00000361664,1
2626,9606.ENSP00000386921,1
2627,9606.ENSP00000440826,1
2628,9606.ENSP00000355568,1
2629,9606.ENSP00000381844,1
2630,9606.ENSP00000264703,1
2631,9606.ENSP00000441858,1
2632,9606.ENSP00000450731,1
2633,9606.ENSP00000267622,1
2634,9606.ENSP00000361800,1
2635,9606.ENSP00000304941,1
2636,9606.ENSP00000392896,1
2637,9606.ENSP00000264538,1
2638,9606.ENSP00000370010,1
2639,9606.ENSP00000383096,1
2640,9606.ENSP00000314036,1
2641,9606.ENSP00000306565,1
2642,9606.ENSP00000264346,1
2643,9606.ENSP00000264245,1
2644,9606.ENSP00000264233,1
2645,9606.ENSP00000301263,1
2646,9606.ENSP00000284273,1
2647,9606.ENSP00000296474,1
2648,9606.ENSP00000442460,1
2649,9606.ENSP00000362170,1
2650,9606.ENSP00000263726,1
2651,9606.ENSP00000282020,1
2652,9606.ENSP00000301030,1
2653,9606.ENSP00000354957,1
2654,9606.ENSP00000263346,1
2655,9606.ENSP00000445135,1
2656,9606.ENSP00000384823,1
2657,9606.ENSP00000398273,1
2658,9606.ENSP00000381364,1
2659,9606.ENSP00000435619,1
2660,9606.ENSP00000355904,1
2661,9606.ENSP00000480573,1
2662,9606.ENSP00000262919,1
2663,9606.ENSP00000262903,1
2664,9606.ENSP00000313437,1
2665,9606.ENSP00000422793,1
2666,9606.ENSP00000361009,1
2667,9606.ENSP00000351591,1
2668,9606.ENSP00000392906,1
2669,9606.ENSP00000418232,1
2670,9606.ENSP00000299505,1
2671,9606.ENSP00000479089,1
2672,9606.ENSP00000412361,1
2673,9606.ENSP00000297581,1
2674,9606.ENSP00000464121,1
2675,9606.ENSP00000262406,1
2676,9606.ENSP00000478474,1
2677,9606.ENSP00000262394,1
2678,9606.ENSP00000467661,1
2679,9606.ENSP00000305699,1
2680,9606.ENSP00000278886,1
2681,9606.ENSP00000370695,1
2682,9606.ENSP00000355589,1
2683,9606.ENSP00000327213,1
2684,9606.ENSP00000368966,1
2685,9606.ENSP00000498630,1
2686,9606.ENSP00000384932,1
2687,9606.ENSP00000262209,1
2688,9606.ENSP00000486357,1
2689,9606.ENSP00000378914,1
2690,9606.ENSP00000370003,1
2691,9606.ENSP00000262139,1
2692,9606.ENSP00000440704,1
2693,9606.ENSP00000297508,1
2694,9606.ENSP00000317714,1
2695,9606.ENSP00000262094,1
2696,9606.ENSP00000321684,1
2697,9606.ENSP00000290650,1
2698,9606.ENSP00000387362,1
2699,9606.ENSP00000442318,1
2700,9606.ENSP00000376306,1
2701,9606.ENSP00000327168,1
2702,9606.ENSP00000442682,1
2703,9606.ENSP00000301242,1
2704,9606.ENSP00000263266,1
2705,9606.ENSP00000315112,1
2706,9606.ENSP00000424765,1
2707,9606.ENSP00000340305,1
2708,9606.ENSP00000379366,1
2709,9606.ENSP00000337513,1
2710,9606.ENSP00000299164,1
2711,9606.ENSP00000376035,1
2712,9606.ENSP00000363417,1
2713,9606.ENSP00000379721,1
2714,9606.ENSP00000350132,1
2715,9606.ENSP00000341942,1
2716,9606.ENSP00000496793,1
2717,9606.ENSP00000342114,1
2718,9606.ENSP00000432586,1
2719,9606.ENSP00000497829,1
2720,9606.ENSP00000344432,1
2721,9606.ENSP00000370119,1
2722,9606.ENSP00000261007,1
2723,9606.ENSP00000360108,1
2724,9606.ENSP00000372005,1
2725,9606.ENSP00000260818,1
2726,9606.ENSP00000286614,1
2727,9606.ENSP00000344411,1
2728,9606.ENSP00000431719,1
2729,9606.ENSP00000375093,1
2730,9606.ENSP00000393333,1
2731,9606.ENSP00000356094,1
2732,9606.ENSP00000299178,1
2733,9606.ENSP00000260283,1
2734,9606.ENSP00000409555,1
2735,9606.ENSP00000425658,1
2736,9606.ENSP00000426848,1
2737,9606.ENSP00000379566,1
2738,9606.ENSP00000302543,1
2739,9606.ENSP00000259608,1
2740,9606.ENSP00000390647,1
2741,9606.ENSP00000476145,1
2742,9606.ENSP00000364870,1
2743,9606.ENSP00000478061,1
2744,9606.ENSP00000277165,1
2745,9606.ENSP00000381857,1
2746,9606.ENSP00000387077,1
2747,9606.ENSP00000258439,1
2748,9606.ENSP00000441369,1
2749,9606.ENSP00000378427,1
2750,9606.ENSP00000258400,1
2751,9606.ENSP00000326424,1
2752,9606.ENSP00000258662,1
2753,9606.ENSP00000347046,1
2754,9606.ENSP00000397133,1
2755,9606.ENSP00000291539,1
2756,9606.ENSP00000378074,1
2757,9606.ENSP00000257572,1
2758,9606.ENSP00000357393,1
2759,9606.ENSP00000405327,1
2760,9606.ENSP00000368682,1
2761,9606.ENSP00000354775,1
2762,9606.ENSP00000416158,1
2763,9606.ENSP00000376822,1
2764,9606.ENSP00000256707,1
2765,9606.ENSP00000261622,1
2766,9606.ENSP00000265113,1
2767,9606.ENSP00000256689,1
2768,9606.ENSP00000350199,1
2769,9606.ENSP00000314615,1
2770,9606.ENSP00000382177,1
2771,9606.ENSP00000263934,1
2772,9606.ENSP00000384164,1
2773,9606.ENSP00000446100,1
2774,9606.ENSP00000303300,1
2775,9606.ENSP00000307971,1
2776,9606.ENSP00000426103,1
2777,9606.ENSP00000358815,1
2778,9606.ENSP00000480291,1
2779,9606.ENSP00000330633,1
2780,9606.ENSP00000256509,1
2781,9606.ENSP00000265872,1
2782,9606.ENSP00000274289,1
2783,9606.ENSP00000387286,1
2784,9606.ENSP00000407118,1
2785,9606.ENSP00000256362,1
2786,9606.ENSP00000387882,1
2787,9606.ENSP00000333374,1
2788,9606.ENSP00000380271,1
2789,9606.ENSP00000377075,1
2790,9606.ENSP00000353582,1
2791,9606.ENSP00000350896,1
2792,9606.ENSP00000406478,1
2793,9606.ENSP00000256151,1
2794,9606.ENSP00000455426,1
2795,9606.ENSP00000346693,1
2796,9606.ENSP00000370372,1
2797,9606.ENSP00000483110,1
2798,9606.ENSP00000357048,1
2799,9606.ENSP00000376910,1
2800,9606.ENSP00000305613,1
2801,9606.ENSP00000304133,1
2802,9606.ENSP00000393097,1
2803,9606.ENSP00000255224,1
2804,9606.ENSP00000286794,1
2805,9606.ENSP00000255006,1
2806,9606.ENSP00000338967,1
2807,9606.ENSP00000366233,1
2808,9606.ENSP00000319974,1
2809,9606.ENSP00000253144,1
2810,9606.ENSP00000341159,1
2811,9606.ENSP00000391747,1
2812,9606.ENSP00000381057,1
2813,9606.ENSP00000354499,1
2814,9606.ENSP00000424501,1
2815,9606.ENSP00000274457,1
2816,9606.ENSP00000269856,1
2817,9606.ENSP00000334140,1
2818,9606.ENSP00000252744,1
2819,9606.ENSP00000256104,1
2820,9606.ENSP00000252590,1
2821,9606.ENSP00000296721,1
2822,9606.ENSP00000355996,1
2823,9606.ENSP00000252506,1
2824,9606.ENSP00000288699,1
2825,9606.ENSP00000427985,1
2826,9606.ENSP00000252505,1
2827,9606.ENSP00000252318,1
2828,9606.ENSP00000328358,1
2829,9606.ENSP00000493010,1
2830,9606.ENSP00000252245,1
2831,9606.ENSP00000458570,1
2832,9606.ENSP00000381589,1
2833,9606.ENSP00000252085,1
2834,9606.ENSP00000342699,1
2835,9606.ENSP00000252032,1
2836,9606.ENSP00000420256,1
2837,9606.ENSP00000252011,1
2838,9606.ENSP00000250693,1
2839,9606.ENSP00000459615,1
2840,9606.ENSP00000367355,1
2841,9606.ENSP00000281282,1
2842,9606.ENSP00000337587,1
2843,9606.ENSP00000261170,1
2844,9606.ENSP00000248923,1
2845,9606.ENSP00000350032,1
2846,9606.ENSP00000265970,1
2847,9606.ENSP00000293662,1
2848,9606.ENSP00000326706,1
2849,9606.ENSP00000316377,1
2850,9606.ENSP00000248668,1
2851,9606.ENSP00000354813,1
2852,9606.ENSP00000355046,1
2853,9606.ENSP00000354554,1
2854,9606.ENSP00000248643,1
2855,9606.ENSP00000300184,1
2856,9606.ENSP00000263708,1
2857,9606.ENSP00000363459,1
2858,9606.ENSP00000310491,1
2859,9606.ENSP00000318147,1
2860,9606.ENSP00000368022,1
2861,9606.ENSP00000479762,1
2862,9606.ENSP00000261813,1
2863,9606.ENSP00000438399,1
2864,9606.ENSP00000355499,1
2865,9606.ENSP00000342793,1
2866,9606.ENSP00000380378,1
2867,9606.ENSP00000363397,1
2868,9606.ENSP00000381968,1
2869,9606.ENSP00000472620,1
2870,9606.ENSP00000402152,1
2871,9606.ENSP00000264930,1
2872,9606.ENSP00000346112,1
2873,9606.ENSP00000258418,1
2874,9606.ENSP00000246914,1
2875,9606.ENSP00000247225,1
2876,9606.ENSP00000305107,1
2877,9606.ENSP00000312741,1
2878,9606.ENSP00000478637,1
2879,9606.ENSP00000267569,1
2880,9606.ENSP00000311291,1
2881,9606.ENSP00000349003,1
2882,9606.ENSP00000360158,1
2883,9606.ENSP00000291294,1
2884,9606.ENSP00000417583,1
2885,9606.ENSP00000340796,1
2886,9606.ENSP00000366694,1
2887,9606.ENSP00000364501,1
2888,9606.ENSP00000337991,1
2889,9606.ENSP00000433681,1
2890,9606.ENSP00000264183,1
2891,9606.ENSP00000476100,1
2892,9606.ENSP00000372067,1
2893,9606.ENSP00000369131,1
2894,9606.ENSP00000387393,1
2895,9606.ENSP00000396345,1
2896,9606.ENSP00000258484,1
2897,9606.ENSP00000381840,1
2898,9606.ENSP00000403039,1
2899,9606.ENSP00000418563,1
2900,9606.ENSP00000383428,1
2901,9606.ENSP00000376534,1
2902,9606.ENSP00000379823,1
2903,9606.ENSP00000243611,1
2904,9606.ENSP00000351575,1
2905,9606.ENSP00000243326,1
2906,9606.ENSP00000309457,1
2907,9606.ENSP00000350266,1
2908,9606.ENSP00000365606,1
2909,9606.ENSP00000409952,1
2910,9606.ENSP00000243298,1
2911,9606.ENSP00000303208,1
2912,9606.ENSP00000297347,1
2913,9606.ENSP00000365625,1
2914,9606.ENSP00000346634,1
2915,9606.ENSP00000435210,1
2916,9606.ENSP00000242848,1
2917,9606.ENSP00000482093,1
2918,9606.ENSP00000242728,1
2919,9606.ENSP00000482027,1
2920,9606.ENSP00000362298,1
2921,9606.ENSP00000338671,1
2922,9606.ENSP00000320092,1
2923,9606.ENSP00000442060,1
2924,9606.ENSP00000433666,1
2925,9606.ENSP00000294954,1
2926,9606.ENSP00000383053,1
2927,9606.ENSP00000269392,1
2928,9606.ENSP00000242140,1
2929,9606.ENSP00000264710,1
2930,9606.ENSP00000346378,1
2931,9606.ENSP00000360916,1
2932,9606.ENSP00000408979,1
2933,9606.ENSP00000240361,1
2934,9606.ENSP00000419446,1
2935,9606.ENSP00000303424,1
2936,9606.ENSP00000239906,1
2937,9606.ENSP00000497406,1
2938,9606.ENSP00000348381,1
2939,9606.ENSP00000350719,1
2940,9606.ENSP00000239461,1
2941,9606.ENSP00000298545,1
2942,9606.ENSP00000356224,1
2943,9606.ENSP00000351318,1
2944,9606.ENSP00000370047,1
2945,9606.ENSP00000328928,1
2946,9606.ENSP00000378394,1
2947,9606.ENSP00000317955,1
2948,9606.ENSP00000333292,1
2949,9606.ENSP00000264079,1
2950,9606.ENSP00000363054,1
2951,9606.ENSP00000411256,1
2952,9606.ENSP00000379680,1
2953,9606.ENSP00000344430,1
2954,9606.ENSP00000236671,1
2955,9606.ENSP00000397181,1
2956,9606.ENSP00000275364,1
2957,9606.ENSP00000437737,1
2958,9606.ENSP00000244751,1
2959,9606.ENSP00000457748,1
2960,9606.ENSP00000235382,1
2961,9606.ENSP00000365770,1
2962,9606.ENSP00000328998,1
2963,9606.ENSP00000355094,1
2964,9606.ENSP00000234488,1
2965,9606.ENSP00000364635,1
2966,9606.ENSP00000306330,1
2967,9606.ENSP00000263736,1
2968,9606.ENSP00000338806,1
2969,9606.ENSP00000292169,1
2970,9606.ENSP00000294353,1
2971,9606.ENSP00000318197,1
2972,9606.ENSP00000375951,1
2973,9606.ENSP00000320885,1
2974,9606.ENSP00000233336,1
2975,9606.ENSP00000249700,1
2976,9606.ENSP00000363390,1
2977,9606.ENSP00000455507,1
2978,9606.ENSP00000232975,1
2979,9606.ENSP00000232603,1
2980,9606.ENSP00000451406,1
2981,9606.ENSP00000352427,1
2982,9606.ENSP00000262340,1
2983,9606.ENSP00000466775,1
2984,9606.ENSP00000402257,1
2985,9606.ENSP00000423505,1
2986,9606.ENSP00000306335,1
2987,9606.ENSP00000487358,1
2988,9606.ENSP00000393066,1
2989,9606.ENSP00000350630,1
2990,9606.ENSP00000379866,1
2991,9606.ENSP00000264828,1
2992,9606.ENSP00000417229,1
2993,9606.ENSP00000422037,1
2994,9606.ENSP00000256649,1
2995,9606.ENSP00000427562,1
2996,9606.ENSP00000229922,1
2997,9606.ENSP00000310216,1
2998,9606.ENSP00000437271,1
2999,9606.ENSP00000300146,1
3000,9606.ENSP00000471239,1
3001,9606.ENSP00000330188,1
3002,9606.ENSP00000357907,1
3003,9606.ENSP00000464512,1
3004,9606.ENSP00000309141,1
3005,9606.ENSP00000229195,1
3006,9606.ENSP00000498074,1
3007,9606.ENSP00000371554,1
3008,9606.ENSP00000444278,1
3009,9606.ENSP00000284268,1
3010,9606.ENSP00000376293,1
3011,9606.ENSP00000227756,1
3012,9606.ENSP00000308479,1
3013,9606.ENSP00000290649,1
3014,9606.ENSP00000376899,1
3015,9606.ENSP00000383923,1
3016,9606.ENSP00000259963,1
3017,9606.ENSP00000384222,1
3018,9606.ENSP00000227065,1
3019,9606.ENSP00000323435,1
3020,9606.ENSP00000403323,1
3021,9606.ENSP00000381340,1
3022,9606.ENSP00000226951,1
3023,9606.ENSP00000356545,1
3024,9606.ENSP00000290039,1
3025,9606.ENSP00000454468,1
3026,9606.ENSP00000432459,1
3027,9606.ENSP00000256343,1
3028,9606.ENSP00000479844,1
3029,9606.ENSP00000448083,1
3030,9606.ENSP00000352272,1
3031,9606.ENSP00000496114,1
3032,9606.ENSP00000226021,1
3033,9606.ENSP00000261497,1
3034,9606.ENSP00000358886,1
3035,9606.ENSP00000384018,1
3036,9606.ENSP00000290921,1
3037,9606.ENSP00000336783,1
3038,9606.ENSP00000415536,1
3039,9606.ENSP00000337976,1
3040,9606.ENSP00000232424,1
3041,9606.ENSP00000399797,1
3042,9606.ENSP00000362306,1
3043,9606.ENSP00000344504,1
3044,9606.ENSP00000376204,1
3045,9606.ENSP00000484078,1
3046,9606.ENSP00000498750,1
3047,9606.ENSP00000362728,1
3048,9606.ENSP00000393845,1
3049,9606.ENSP00000261716,1
3050,9606.ENSP00000391723,1
3051,9606.ENSP00000323527,1
3052,9606.ENSP00000258729,1
3053,9606.ENSP00000353032,1
3054,9606.ENSP00000307259,1
3055,9606.ENSP00000360561,1
3056,9606.ENSP00000260408,1
3057,9606.ENSP00000306637,1
3058,9606.ENSP00000294904,1
3059,9606.ENSP00000355566,1
3060,9606.ENSP00000400101,1
3061,9606.ENSP00000354687,1
3062,9606.ENSP00000355206,1
3063,9606.ENSP00000354961,1
3064,9606.ENSP00000273353,1
3065,9606.ENSP00000456500,1
3066,9606.ENSP00000278070,1
3067,9606.ENSP00000336894,1
3068,9606.ENSP00000309772,1
3069,9606.ENSP00000258411,1
3070,9606.ENSP00000272164,1
3071,9606.ENSP00000368166,1
3072,9606.ENSP00000261798,1
3073,9606.ENSP00000239374,1
3074,9606.ENSP00000332118,1
3075,9606.ENSP00000222462,1
3076,9606.ENSP00000345917,1
3077,9606.ENSP00000484668,1
3078,9606.ENSP00000225388,1
3079,9606.ENSP00000394331,1
3080,9606.ENSP00000410083,1
3081,9606.ENSP00000434241,1
3082,9606.ENSP00000449253,1
3083,9606.ENSP00000376886,1
3084,9606.ENSP00000297679,1
3085,9606.ENSP00000337194,1
3086,9606.ENSP00000405514,1
3087,9606.ENSP00000266077,1
3088,9606.ENSP00000452697,1
3089,9606.ENSP00000491507,1
3090,9606.ENSP00000358831,1
3091,9606.ENSP00000222115,1
3092,9606.ENSP00000264649,1
3093,9606.ENSP00000484263,1
3094,9606.ENSP00000430282,1
3095,9606.ENSP00000354632,1
3096,9606.ENSP00000366525,1
3097,9606.ENSP00000339826,1
3098,9606.ENSP00000371219,1
3099,9606.ENSP00000479119,1
3100,9606.ENSP00000271532,1
3101,9606.ENSP00000265404,1
3102,9606.ENSP00000363661,1
3103,9606.ENSP00000345492,1
3104,9606.ENSP00000493252,1
3105,9606.ENSP00000315130,1
3106,9606.ENSP00000401853,1
3107,9606.ENSP00000285407,1
3108,9606.ENSP00000305005,1
3109,9606.ENSP00000324763,1
3110,9606.ENSP00000311184,1
3111,9606.ENSP00000422464,1
3112,9606.ENSP00000360871,1
3113,9606.ENSP00000487174,1
3114,9606.ENSP00000396843,1
3115,9606.ENSP00000266000,1
3116,9606.ENSP00000477707,1
3117,9606.ENSP00000264867,1
3118,9606.ENSP00000233997,1
3119,9606.ENSP00000353475,1
3120,9606.ENSP00000362776,1
3121,9606.ENSP00000261937,1
3122,9606.ENSP00000319788,1
3123,9606.ENSP00000253108,1
3124,9606.ENSP00000431800,1
3125,9606.ENSP00000307940,1
3126,9606.ENSP00000280557,1
3127,9606.ENSP00000260443,1
3128,9606.ENSP00000377681,1
3129,9606.ENSP00000410862,1
3130,9606.ENSP00000477538,1
3131,9606.ENSP00000220849,1
3132,9606.ENSP00000310657,1
3133,9606.ENSP00000346158,1
3134,9606.ENSP00000259371,1
3135,9606.ENSP00000470538,1
3136,9606.ENSP00000220420,1
3137,9606.ENSP00000327116,1
3138,9606.ENSP00000273814,1
3139,9606.ENSP00000360798,1
3140,9606.ENSP00000220325,1
3141,9606.ENSP00000401720,1
3142,9606.ENSP00000482512,1
3143,9606.ENSP00000357844,1
3144,9606.ENSP00000359691,1
3145,9606.ENSP00000380044,1
3146,9606.ENSP00000344479,1
3147,9606.ENSP00000331474,1
3148,9606.ENSP00000219599,1
3149,9606.ENSP00000262316,1
3150,9606.ENSP00000219551,1
3151,9606.ENSP00000472467,1
3152,9606.ENSP00000496268,1
3153,9606.ENSP00000493900,1
3154,9606.ENSP00000280571,1
3155,9606.ENSP00000218249,1
3156,9606.ENSP00000429986,1
3157,9606.ENSP00000368572,1
3158,9606.ENSP00000218004,1
3159,9606.ENSP00000246841,1
3160,9606.ENSP00000420200,1
3161,9606.ENSP00000371936,1
3162,9606.ENSP00000311579,1
3163,9606.ENSP00000296861,1
3164,9606.ENSP00000217169,1
3165,9606.ENSP00000259915,1
3166,9606.ENSP00000370270,1
3167,9606.ENSP00000357979,1
3168,9606.ENSP00000329243,1
3169,9606.ENSP00000262241,1
3170,9606.ENSP00000282849,1
3171,9606.ENSP00000367972,1
3172,9606.ENSP00000217086,1
3173,9606.ENSP00000362820,1
3174,9606.ENSP00000438993,1
3175,9606.ENSP00000343288,1
3176,9606.ENSP00000436679,1
3177,9606.ENSP00000313829,1
3178,9606.ENSP00000336721,1
3179,9606.ENSP00000349748,1
3180,9606.ENSP00000216727,1
3181,9606.ENSP00000256196,1
3182,9606.ENSP00000364995,1
3183,9606.ENSP00000498330,1
3184,9606.ENSP00000256682,1
3185,9606.ENSP00000265431,1
3186,9606.ENSP00000496564,1
3187,9606.ENSP00000216361,1
3188,9606.ENSP00000355370,1
3189,9606.ENSP00000298229,1
3190,9606.ENSP00000357122,1
3191,9606.ENSP00000377724,1
3192,9606.ENSP00000262741,1
3193,9606.ENSP00000402092,1
3194,9606.ENSP00000294507,1
3195,9606.ENSP00000370719,1
3196,9606.ENSP00000261349,1
3197,9606.ENSP00000308772,1
3198,9606.ENSP00000216127,1
3199,9606.ENSP00000314484,1
3200,9606.ENSP00000379226,1
3201,9606.ENSP00000459580,1
3202,9606.ENSP00000216024,1
3203,9606.ENSP00000312081,1
3204,9606.ENSP00000371307,1
3205,9606.ENSP00000215904,1
3206,9606.ENSP00000498083,1
3207,9606.ENSP00000279488,1
3208,9606.ENSP00000345083,1
3209,9606.ENSP00000468348,1
3210,9606.ENSP00000386135,1
3211,9606.ENSP00000379904,1
3212,9606.ENSP00000271889,1
3213,9606.ENSP00000453095,1
3214,9606.ENSP00000247992,1
3215,9606.ENSP00000396467,1
3216,9606.ENSP00000481675,1
3217,9606.ENSP00000267615,1
3218,9606.ENSP00000216373,1
3219,9606.ENSP00000380878,1
3220,9606.ENSP00000225174,1
3221,9606.ENSP00000312673,1
3222,9606.ENSP00000376276,1
3223,9606.ENSP00000375711,1
3224,9606.ENSP00000357625,1
3225,9606.ENSP00000339824,1
3226,9606.ENSP00000264716,1
3227,9606.ENSP00000479719,1
3228,9606.ENSP00000254667,1
3229,9606.ENSP00000245919,1
3230,9606.ENSP00000353007,1
3231,9606.ENSP00000367406,1
3232,9606.ENSP00000298910,1
3233,9606.ENSP00000430947,1
3234,9606.ENSP00000412461,1
3235,9606.ENSP00000378536,1
3236,9606.ENSP00000256951,1
3237,9606.ENSP00000430269,1
3238,9606.ENSP00000215531,1
3239,9606.ENSP00000243786,1
3240,9606.ENSP00000407552,1
3241,9606.ENSP00000264634,1
3242,9606.ENSP00000245457,1
3243,9606.ENSP00000311538,1
3244,9606.ENSP00000337598,1
3245,9606.ENSP00000382004,1
3246,9606.ENSP00000355645,1
3247,9606.ENSP00000384515,1
3248,9606.ENSP00000479606,1
3249,9606.ENSP00000360305,1
3250,9606.ENSP00000268182,1
3251,9606.ENSP00000491657,1
3252,9606.ENSP00000248437,1
3253,9606.ENSP00000307078,1
3254,9606.ENSP00000264033,1
3255,9606.ENSP00000422007,1
3256,9606.ENSP00000223167,1
3257,9606.ENSP00000356448,1
3258,9606.ENSP00000264870,1
3259,9606.ENSP00000261023,1
3260,9606.ENSP00000248594,1
3261,9606.ENSP00000317985,1
3262,9606.ENSP00000352208,1
3263,9606.ENSP00000341292,1
3264,9606.ENSP00000221973,1
3265,9606.ENSP00000348099,1
3266,9606.ENSP00000313007,1
3267,9606.ENSP00000356231,1
3268,9606.ENSP00000285735,1
3269,9606.ENSP00000307959,1
3270,9606.ENSP00000352288,1
3271,9606.ENSP00000317128,1
3272,9606.ENSP00000210633,1
3273,9606.ENSP00000256442,1
3274,9606.ENSP00000348838,1
3275,9606.ENSP00000320924,1
3276,9606.ENSP00000411532,1
3277,9606.ENSP00000301633,1
3278,9606.ENSP00000300403,1
3279,9606.ENSP00000342307,1
3280,9606.ENSP00000360540,1
3281,9606.ENSP00000301159,1
3282,9606.ENSP00000442068,1
3283,9606.ENSP00000377492,1
3284,9606.ENSP00000363524,1
3285,9606.ENSP00000441954,1
3286,9606.ENSP00000477760,1
3287,9606.ENSP00000263377,1
3288,9606.ENSP00000362768,1
3289,9606.ENSP00000237654,1
3290,9606.ENSP00000275053,1
3291,9606.ENSP00000287647,1
3292,9606.ENSP00000478767,1
3293,9606.ENSP00000225916,1
3294,9606.ENSP00000440689,1
3295,9606.ENSP00000297785,1
3296,9606.ENSP00000379512,1
3297,9606.ENSP00000354357,1
3298,9606.ENSP00000387683,1
3299,9606.ENSP00000253382,1
3300,9606.ENSP00000489551,1
3301,9606.ENSP00000480439,1
3302,9606.ENSP00000209668,1
3303,9606.ENSP00000419692,1
3304,9606.ENSP00000354876,1
3305,9606.ENSP00000339992,1
3306,9606.ENSP00000354982,1
3307,9606.ENSP00000287490,1
3308,9606.ENSP00000360231,1
3309,9606.ENSP00000206513,1
3310,9606.ENSP00000268595,1
3311,9606.ENSP00000205636,1
3312,9606.ENSP00000420384,1
3313,9606.ENSP00000440077,1
3314,9606.ENSP00000200691,1
3315,9606.ENSP00000323096,1
3316,9606.ENSP00000424846,1
3317,9606.ENSP00000346659,1
3318,9606.ENSP00000186436,1
3319,9606.ENSP00000367872,1
3320,9606.ENSP00000254661,1
3321,9606.ENSP00000294117,1
3322,9606.ENSP00000482232,1
3323,9606.ENSP00000176195,1
3324,9606.ENSP00000211998,1
3325,9606.ENSP00000338728,1
3326,9606.ENSP00000402515,1
3327,9606.ENSP00000171887,1
3328,9606.ENSP00000225328,1
3329,9606.ENSP00000264192,1
3330,9606.ENSP00000171757,1
3331,9606.ENSP00000261483,1
3332,9606.ENSP00000312021,1
3333,9606.ENSP00000332073,1
3334,9606.ENSP00000364902,1
3335,9606.ENSP00000414350,1
3336,9606.ENSP00000283871,1
3337,9606.ENSP00000311300,1
3338,9606.ENSP00000418009,1
3339,9606.ENSP00000271555,1
3340,9606.ENSP00000307298,1
3341,9606.ENSP00000162391,1
3342,9606.ENSP00000383115,1
3343,9606.ENSP00000381133,1
3344,9606.ENSP00000281928,1
3345,9606.ENSP00000295888,1
3346,9606.ENSP00000160373,1
3347,9606.ENSP00000443654,1
3348,9606.ENSP00000262305,1
3349,9606.ENSP00000355991,1
3350,9606.ENSP00000158762,1
3351,9606.ENSP00000309591,1
3352,9606.ENSP00000442795,1
3353,9606.ENSP00000396915,1
3354,9606.ENSP00000498019,1
3355,9606.ENSP00000492441,1
3356,9606.ENSP00000353734,1
3357,9606.ENSP00000275300,1
3358,9606.ENSP00000372295,1
3359,9606.ENSP00000261200,1
3360,9606.ENSP00000438209,1
3361,9606.ENSP00000358802,1
3362,9606.ENSP00000384763,1
3363,9606.ENSP00000266671,1
3364,9606.ENSP00000280904,1
3365,9606.ENSP00000355920,1
3366,9606.ENSP00000430706,1
3367,9606.ENSP00000278319,1
3368,9606.ENSP00000371398,1
3369,9606.ENSP00000155840,1
3370,9606.ENSP00000329684,1
3371,9606.ENSP00000373518,1
3372,9606.ENSP00000259089,1
3373,9606.ENSP00000245620,1
3374,9606.ENSP00000322898,1
3375,9606.ENSP00000320509,1
3376,9606.ENSP00000169298,1
3377,9606.ENSP00000357156,1
3378,9606.ENSP00000355157,1
3379,9606.ENSP00000431418,1
3380,9606.ENSP00000340526,1
3381,9606.ENSP00000337128,1
3382,9606.ENSP00000356162,1
3383,9606.ENSP00000260402,1
3384,9606.ENSP00000054668,1
3385,9606.ENSP00000479675,1
3386,9606.ENSP00000301908,1
3387,9606.ENSP00000369604,1
3388,9606.ENSP00000329127,1
3389,9606.ENSP00000248948,1
3390,9606.ENSP00000406970,1
3391,9606.ENSP00000356429,1
3392,9606.ENSP00000325527,1
3393,9606.ENSP00000308208,1
3394,9606.ENSP00000494147,1
3395,9606.ENSP00000377836,1
3396,9606.ENSP00000359864,1
3397,9606.ENSP00000366267,1
3398,9606.ENSP00000262768,1
3399,9606.ENSP00000286657,1
3400,9606.ENSP00000479953,1
3401,9606.ENSP00000481912,1
3402,9606.ENSP00000399679,1
3403,9606.ENSP00000355166,1
3404,9606.ENSP00000212355,1
3405,9606.ENSP00000295628,1
3406,9606.ENSP00000296181,1
3407,9606.ENSP00000242465,1
3408,9606.ENSP00000363492,1
3409,9606.ENSP00000357980,1
3410,9606.ENSP00000414856,1
3411,9606.ENSP00000323929,1
3412,9606.ENSP00000497642,1
3413,9606.ENSP00000322273,1
3414,9606.ENSP00000295633,1
3415,9606.ENSP00000423861,1
3416,9606.ENSP00000405890,1
3417,9606.ENSP00000360162,1
3418,9606.ENSP00000420009,1
3419,9606.ENSP00000401907,1
3420,9606.ENSP00000498116,1
3421,9606.ENSP00000241014,1
3422,9606.ENSP00000362103,1
3423,9606.ENSP00000249499,1
3424,9606.ENSP00000040584,1
3425,9606.ENSP00000367220,1
3426,9606.ENSP00000014914,1
3427,9606.ENSP00000386559,1
3428,9606.ENSP00000477713,1
3429,9606.ENSP00000302935,1
3430,9606.ENSP00000358490,1
3431,9606.ENSP00000354566,1
3432,9606.ENSP00000354782,1
3433,9606.ENSP00000431445,1
3434,9606.ENSP00000300692,1
3435,9606.ENSP00000331172,1
3436,9606.ENSP00000365380,1
3437,9606.ENSP00000227155,1
3438,9606.ENSP00000306157,1
3439,9606.ENSP00000496959,1
3440,9606.ENSP00000496848,1
3441,9606.ENSP00000313419,1
3442,9606.ENSP00000266557,1
3443,9606.ENSP00000203629,1
3444,9606.ENSP00000363089,1
3445,9606.ENSP00000368632,1
3446,9606.ENSP00000308815,1
3447,9606.ENSP00000327890,1
3448,9606.ENSP00000474412,1
3449,9606.ENSP00000263339,1
3450,9606.ENSP00000216223,1
3451,9606.ENSP00000221930,1
3452,9606.ENSP00000362795,1
3453,9606.ENSP00000300134,1
3454,9606.ENSP00000498321,1
3455,9606.ENSP00000315477,1
3456,9606.ENSP00000271450,1
3457,9606.ENSP00000085219,1
3458,9606.ENSP00000295897,1
3459,9606.ENSP00000418525,1
3460,9606.ENSP00000260010,1
3461,9606.ENSP00000356024,1
3462,9606.ENSP00000366091,1
3463,9606.ENSP00000438406,1
3464,9606.ENSP00000229402,1
3465,9606.ENSP00000320936,1
3466,9606.ENSP00000302569,1
3467,9606.ENSP00000403495,1
3468,9606.ENSP00000386378,1
3469,9606.ENSP00000274306,1
3470,9606.ENSP00000455897,1
3471,9606.ENSP00000286301,1
3472,9606.ENSP00000221972,1
3473,9606.ENSP00000457421,1
3474,9606.ENSP00000252804,1
3475,9606.ENSP00000378845,1
3476,9606.ENSP00000257770,1
3477,9606.ENSP00000265371,1
3478,9606.ENSP00000356792,1
3479,9606.ENSP00000478763,1
3480,9606.ENSP00000388620,1
3481,9606.ENSP00000375629,1
3482,9606.ENSP00000219244,1
3483,9606.ENSP00000480012,1
3484,9606.ENSP00000296140,1
3485,9606.ENSP00000481841,1
3486,9606.ENSP00000428924,1
3487,9606.ENSP00000496355,1
3488,9606.ENSP00000473290,1
3489,9606.ENSP00000263125,1
3490,9606.ENSP00000341141,1
3491,9606.ENSP00000339477,1
3492,9606.ENSP00000363330,1
3493,9606.ENSP00000469613,1
3494,9606.ENSP00000395294,1
3495,9606.ENSP00000336769,1
3496,9606.ENSP00000247153,1
3497,9606.ENSP00000337383,1
3498,9606.ENSP00000289902,1
3499,9606.ENSP00000319635,1
3500,9606.ENSP00000371067,1
3501,9606.ENSP00000310405,1
3502,9606.ENSP00000437955,1
3503,9606.ENSP00000327048,1
3504,9606.ENSP00000342156,1
3505,9606.ENSP00000234347,1
3506,9606.ENSP00000357036,1
3507,9606.ENSP00000264316,1
3508,9606.ENSP00000350844,1
3509,9606.ENSP00000215832,1
3510,9606.ENSP00000468897,1
3511,9606.ENSP00000313391,1
3512,9606.ENSP00000261693,1
3513,9606.ENSP00000500990,1
3514,9606.ENSP00000316029,1
3515,9606.ENSP00000265171,1
3516,9606.ENSP00000360181,1
3517,9606.ENSP00000370698,1
3518,9606.ENSP00000291232,1
3519,9606.ENSP00000221978,1
3520,9606.ENSP00000295683,1
3521,9606.ENSP00000433277,1
3522,9606.ENSP00000387282,1
3523,9606.ENSP00000356016,1
3524,9606.ENSP00000418037,1
3525,9606.ENSP00000471493,1
3526,9606.ENSP00000293778,1
3527,9606.ENSP00000367851,1
3528,9606.ENSP00000394888,1
3529,9606.ENSP00000351905,1
3530,9606.ENSP00000354842,1
3531,9606.ENSP00000378118,1
3532,9606.ENSP00000454071,1
3533,9606.ENSP00000248598,1
3534,9606.ENSP00000400010,1
3535,9606.ENSP00000384126,1
3536,9606.ENSP00000246006,1
3537,9606.ENSP00000375608,1
3538,9606.ENSP00000386443,1
3539,9606.ENSP00000351926,1
3540,9606.ENSP00000370978,1
3541,9606.ENSP00000321326,1
3542,9606.ENSP00000338171,1
3543,9606.ENSP00000376808,1
3544,9606.ENSP00000372313,1
3545,9606.ENSP00000265598,1
3546,9606.ENSP00000262178,1
3547,9606.ENSP00000261652,1
3548,9606.ENSP00000357643,1
3549,9606.ENSP00000264498,1
3550,9606.ENSP00000378517,1
3551,9606.ENSP00000358022,1
3552,9606.ENSP00000356696,1
3553,9606.ENSP00000256178,1
3554,9606.ENSP00000345672,1
3555,9606.ENSP00000225842,1
3556,9606.ENSP00000349723,1
3557,9606.ENSP00000357112,1
3558,9606.ENSP00000299697,1
3559,9606.ENSP00000276431,1
3560,9606.ENSP00000325525,1
3561,9606.ENSP00000357283,1
3562,9606.ENSP00000480484,1
3563,9606.ENSP00000363689,1
3564,9606.ENSP00000498879,1
3565,9606.ENSP00000267953,1
3566,9606.ENSP00000482604,1
3567,9606.ENSP00000348635,1
3568,9606.ENSP00000319992,1
3569,9606.ENSP00000242480,1
3570,9606.ENSP00000298223,1
3571,9606.ENSP00000263253,1
3572,9606.ENSP00000362195,1
3573,9606.ENSP00000449756,1
3574,9606.ENSP00000356936,1
3575,9606.ENSP00000226247,1
3576,9606.ENSP00000244709,1
3577,9606.ENSP00000345206,1
3578,9606.ENSP00000256646,1
3579,9606.ENSP00000384886,1
3580,9606.ENSP00000414303,1
3581,9606.ENSP00000246115,1
3582,9606.ENSP00000330696,1
3583,9606.ENSP00000310244,1
3584,9606.ENSP00000257290,1
3585,9606.ENSP00000375795,1
3586,9606.ENSP00000497997,1
3587,9606.ENSP00000227348,1
3588,9606.ENSP00000447297,1
3589,9606.ENSP00000371790,1
3590,9606.ENSP00000309124,1
3591,9606.ENSP00000321797,1
3592,9606.ENSP00000355718,1
3593,9606.ENSP00000319883,1
3594,9606.ENSP00000209728,1
3595,9606.ENSP00000376786,1
3596,9606.ENSP00000473238,1
3597,9606.ENSP00000400887,1
3598,9606.ENSP00000449716,1
3599,9606.ENSP00000265372,1
3600,9606.ENSP00000451206,1
3601,9606.ENSP00000377522,1
3602,9606.ENSP00000009041,1
